{
  "summary" : "Assignment for Week 5 of the Coursera <a href=\"https://www.coursera.org/learn/kotlin-for-java-developers/\">Kotlin for Java Developers</a> course",
  "title" : "Kotlin for Java Developers. Week 5",
  "programming_language" : "kotlin",
  "language" : "en",
  "items" : [ {
    "id" : 0,
    "title" : "Games",
    "unit_id" : 0,
    "task_list" : [ {
      "name" : "Task",
      "stepic_id" : 0,
      "task_files" : {
        "src/board/Board.kt" : {
          "name" : "src/board/Board.kt",
          "text" : "package board\n\ndata class Cell(val i: Int, val j: Int) {\n    override fun toString()= \"($i, $j)\"\n}\n\nenum class Direction {\n    UP, DOWN, RIGHT, LEFT;\n\n    fun reversed() = when (this) {\n        UP -> DOWN\n        DOWN -> UP\n        RIGHT -> LEFT\n        LEFT -> RIGHT\n    }\n}\n\ninterface SquareBoard {\n    val width: Int\n\n    fun getCellOrNull(i: Int, j: Int): Cell?\n    fun getCell(i: Int, j: Int): Cell\n\n    fun getAllCells(): Collection<Cell>\n\n    fun getRow(i: Int, jRange: IntProgression): List<Cell>\n    fun getColumn(iRange: IntProgression, j: Int): List<Cell>\n\n    fun Cell.getNeighbour(direction: Direction): Cell?\n}\n\ninterface GameBoard<T> : SquareBoard {\n\n    operator fun get(cell: Cell): T?\n    operator fun set(cell: Cell, value: T?)\n\n    fun filter(predicate: (T?) -> Boolean): Collection<Cell>\n    fun find(predicate: (T?) -> Boolean): Cell?\n    fun any(predicate: (T?) -> Boolean): Boolean\n    fun all(predicate: (T?) -> Boolean): Boolean\n}",
          "placeholders" : [ ]
        },
        "src/board/BoardImpl.kt" : {
          "name" : "src/board/BoardImpl.kt",
          "text" : "package board\n\nimport board.Direction.*\n\nfun createSquareBoard(width: Int): SquareBoard = TODO()\nfun <T> createGameBoard(width: Int): GameBoard<T> = TODO()\n\n",
          "placeholders" : [ {
            "offset" : 90,
            "length" : 6,
            "hints" : [ ],
            "placeholder_text" : "TODO()"
          }, {
            "offset" : 149,
            "length" : 6,
            "hints" : [ ],
            "placeholder_text" : "TODO()"
          } ]
        },
        "src/games/game/Game.kt" : {
          "name" : "src/games/game/Game.kt",
          "text" : "package games.game\n\nimport board.Direction\n\ninterface Game {\n    fun initialize()\n    fun canMove(): Boolean\n    fun hasWon(): Boolean\n    fun processMove(direction: Direction)\n    operator fun get(i: Int, j: Int): Int?\n}\n",
          "placeholders" : [ ]
        },
        "src/games/game2048/Game2048.kt" : {
          "name" : "src/games/game2048/Game2048.kt",
          "text" : "package games.game2048\n\nimport board.Cell\nimport board.Direction\nimport board.GameBoard\nimport board.createGameBoard\nimport games.game.Game\n\n/*\n * Your task is to implement the game 2048 https://en.wikipedia.org/wiki/2048_(video_game).\n * Implement the utility methods below.\n *\n * After implementing it you can try to play the game running 'PlayGame2048'.\n */\nfun newGame2048(initializer: Game2048Initializer<Int> = RandomGame2048Initializer): Game =\n        Game2048(initializer)\n\nclass Game2048(private val initializer: Game2048Initializer<Int>) : Game {\n    private val board = createGameBoard<Int?>(4)\n\n    override fun initialize() {\n        repeat(2) {\n            board.addNewValue(initializer)\n        }\n    }\n\n    override fun canMove() = board.any { it == null }\n\n    override fun hasWon() = board.any { it == 2048 }\n\n    override fun processMove(direction: Direction) {\n        if (board.moveValues(direction)) {\n            board.addNewValue(initializer)\n        }\n    }\n\n    override fun get(i: Int, j: Int): Int? = board.run { get(getCell(i, j)) }\n}\n\n/*\n * Add a new value produced by 'initializer' to a specified cell in a board.\n */\nfun GameBoard<Int?>.addNewValue(initializer: Game2048Initializer<Int>) {\n    TODO()\n}\n\n/*\n * Update the values stored in a board,\n * so that the values were \"moved\" in a specified rowOrColumn only.\n * Use the helper function 'moveAndMergeEqual' (in Game2048Helper.kt).\n * The values should be moved to the beginning of the row (or column),\n * in the same manner as in the function 'moveAndMergeEqual'.\n * Return 'true' if the values were moved and 'false' otherwise.\n */\nfun GameBoard<Int?>.moveValuesInRowOrColumn(rowOrColumn: List<Cell>): Boolean {\n    TODO()\n}\n\n/*\n * Update the values stored in a board,\n * so that the values were \"moved\" to the specified direction\n * following the rules of the 2048 game .\n * Use the 'moveValuesInRowOrColumn' function above.\n * Return 'true' if the values were moved and 'false' otherwise.\n */\nfun GameBoard<Int?>.moveValues(direction: Direction): Boolean {\n    TODO()\n}",
          "placeholders" : [ {
            "offset" : 1227,
            "length" : 6,
            "hints" : [ ],
            "placeholder_text" : "TODO()"
          }, {
            "offset" : 1705,
            "length" : 6,
            "hints" : [ ],
            "placeholder_text" : "TODO()"
          }, {
            "offset" : 2052,
            "length" : 6,
            "hints" : [ ],
            "placeholder_text" : "TODO()"
          } ]
        },
        "src/games/game2048/Game2048Helper.kt" : {
          "name" : "src/games/game2048/Game2048Helper.kt",
          "text" : "package games.game2048\n\n/*\n * This function moves all the non-null elements to the beginning of the list\n * (by removing nulls) and merges equal elements.\n * The parameter 'merge' specifies the way how to merge equal elements:\n * it returns a new element that should be present in the resulting list\n * instead of two merged elements.\n *\n * If the function 'merge(\"a\")' returns \"aa\",\n * then the function 'moveAndMergeEqual' transforms the input in the following way:\n *   a, a, b -> aa, b\n *   a, null -> a\n *   b, null, a, a -> b, aa\n *   a, a, null, a -> aa, a\n *   a, null, a, a -> aa, a\n *\n * You can find more examples in 'TestGame2048Helper'.\n*/\nfun <T : Any> List<T?>.moveAndMergeEqual(merge: (T) -> T): List<T> =\n        TODO()\n\n",
          "placeholders" : [ {
            "offset" : 730,
            "length" : 6,
            "hints" : [ ],
            "placeholder_text" : "TODO()"
          } ]
        },
        "src/games/game2048/Game2048Initializer.kt" : {
          "name" : "src/games/game2048/Game2048Initializer.kt",
          "text" : "package games.game2048\n\nimport board.Cell\nimport board.GameBoard\nimport kotlin.random.Random\n\ninterface Game2048Initializer<T> {\n    /*\n     * Specifies the cell and the value that should be added to this cell.\n     */\n    fun nextValue(board: GameBoard<T?>): Pair<Cell, T>?\n}\n\nobject RandomGame2048Initializer: Game2048Initializer<Int> {\n    private fun generateRandomStartValue(): Int =\n            if (Random.nextInt(10) == 9) 4 else 2\n\n    /*\n     * Generate a random value and a random cell among free cells\n     * that given value should be added to.\n     * The value should be 2 for 90% cases, and 4 for the rest of the cases.\n     * Use the 'generateRandomStartValue' function above.\n     * If the board is full return null.\n     */\n    override fun nextValue(board: GameBoard<Int?>): Pair<Cell, Int>? {\n        TODO()\n    }\n}",
          "placeholders" : [ {
            "offset" : 820,
            "length" : 6,
            "hints" : [ ],
            "placeholder_text" : "TODO()"
          } ]
        },
        "src/games/gameOfFifteen/GameOfFifteen.kt" : {
          "name" : "src/games/gameOfFifteen/GameOfFifteen.kt",
          "text" : "package games.gameOfFifteen\n\nimport board.Direction\nimport board.GameBoard\nimport board.createGameBoard\nimport games.game.Game\n\n/*\n * Implement the Game of Fifteen (https://en.wikipedia.org/wiki/15_puzzle).\n * When you finish, you can play the game by executing 'PlayGameOfFifteen'.\n */\nfun newGameOfFifteen(initializer: GameOfFifteenInitializer = RandomGameInitializer()): Game =\n    TODO()\n\n",
          "placeholders" : [ {
            "offset" : 385,
            "length" : 6,
            "hints" : [ ],
            "placeholder_text" : "TODO()"
          } ]
        },
        "src/games/gameOfFifteen/GameOfFifteenHelper.kt" : {
          "name" : "src/games/gameOfFifteen/GameOfFifteenHelper.kt",
          "text" : "package games.gameOfFifteen\n\n/*\n * This function should return the parity of the permutation.\n * true - the permutation is even\n * false - the permutation is odd\n * https://en.wikipedia.org/wiki/Parity_of_a_permutation\n\n * If the game of fifteen is started with the wrong parity, you can't get the correct result\n *   (numbers sorted in the right order, empty cell at last).\n * Thus the initial permutation should be correct.\n */\nfun isEven(permutation: List<Int>): Boolean {\n    TODO()\n}",
          "placeholders" : [ {
            "offset" : 480,
            "length" : 6,
            "hints" : [ ],
            "placeholder_text" : "TODO()"
          } ]
        },
        "src/games/gameOfFifteen/GameOfFifteenInitializer.kt" : {
          "name" : "src/games/gameOfFifteen/GameOfFifteenInitializer.kt",
          "text" : "package games.gameOfFifteen\n\ninterface GameOfFifteenInitializer {\n    /*\n     * Even permutation of numbers 1..15\n     * used to initialized the first 15 cells on a board.\n     * The last cell is empty.\n     */\n    val initialPermutation: List<Int>\n}\n\nclass RandomGameInitializer : GameOfFifteenInitializer {\n    /*\n     * Generate a random permutation from 1 to 15.\n     * `shuffled()` function might be helpful.\n     * If the permutation is not even, make it even (for instance,\n     * by swapping two numbers).\n     */\n    override val initialPermutation by lazy {\n        TODO()\n    }\n}\n\n",
          "placeholders" : [ {
            "offset" : 576,
            "length" : 6,
            "hints" : [ ],
            "placeholder_text" : "TODO()"
          } ]
        },
        "src/games/ui/PlayGame.kt" : {
          "name" : "src/games/ui/PlayGame.kt",
          "text" : "// drawing based on https://github.com/bulenkov/2048\npackage games.ui\n\nimport board.Direction\nimport games.game.Game\nimport java.awt.*\nimport java.awt.event.KeyAdapter\nimport java.awt.event.KeyEvent\nimport javax.swing.JFrame\nimport javax.swing.JPanel\nimport javax.swing.WindowConstants\n\nclass PlayGame(val game: Game, val settings: GameSettings) : JPanel() {\n    init {\n        isFocusable = true\n        addKeyListener(object : KeyAdapter() {\n            override fun keyPressed(e: KeyEvent) {\n                if (game.hasWon() == false && game.canMove()) {\n                    val direction = when (e.keyCode) {\n                        KeyEvent.VK_LEFT -> Direction.LEFT\n                        KeyEvent.VK_RIGHT -> Direction.RIGHT\n                        KeyEvent.VK_DOWN -> Direction.DOWN\n                        KeyEvent.VK_UP -> Direction.UP\n                        else -> null\n                    }\n                    if (direction != null) {\n                        game.processMove(direction)\n                    }\n                }\n                repaint()\n            }\n        })\n        game.initialize()\n    }\n\n    override fun paint(g: Graphics) {\n        super.paint(g)\n        g.color = settings.backgroundColor\n        g.fillRect(0, 0, this.size.width, this.size.height)\n        for (y in 1..4) {\n            for (x in 1..4) {\n                drawTile(g as Graphics2D, game[y, x] ?: 0, x - 1, y - 1)\n            }\n        }\n    }\n\n    private fun offsetCoors(arg: Int): Int {\n        return arg * (TILES_MARGIN + TILE_SIZE) + TILES_MARGIN\n    }\n\n    private fun drawTile(g: Graphics2D, value: Int, x: Int, y: Int) {\n        g.setRenderingHint(RenderingHints.KEY_ANTIALIASING, RenderingHints.VALUE_ANTIALIAS_ON)\n        g.setRenderingHint(RenderingHints.KEY_STROKE_CONTROL, RenderingHints.VALUE_STROKE_NORMALIZE)\n\n        val xOffset = offsetCoors(x)\n        val yOffset = offsetCoors(y)\n        g.color = settings.getBackgroundColor(value)\n        g.fillRoundRect(xOffset, yOffset, TILE_SIZE, TILE_SIZE, 14, 14)\n        g.color = settings.getForegroundColor(value)\n        val size = if (value < 100) 36 else if (value < 1000) 32 else 24\n        val font = Font(FONT_NAME, Font.BOLD, size)\n        g.font = font\n\n        val s = value.toString()\n        val fm = getFontMetrics(font)\n\n        val w = fm.stringWidth(s)\n        val h = -fm.getLineMetrics(s, g).baselineOffsets[2].toInt()\n\n        if (value != 0)\n            g.drawString(s, xOffset + (TILE_SIZE - w) / 2, yOffset + TILE_SIZE - (TILE_SIZE - h) / 2 - 2)\n\n        if (game.hasWon() || game.canMove() == false) {\n            g.color = Color(255, 255, 255, 30)\n            g.fillRect(0, 0, width, height)\n            g.color = Color(78, 139, 202)\n            g.font = Font(FONT_NAME, Font.BOLD, 48)\n            if (game.hasWon()) {\n                g.drawString(\"You won!\", 68, 150)\n            }\n            if (!game.canMove()) {\n                g.drawString(\"Game over!\", 45, 160)\n            }\n        }\n        g.font = Font(FONT_NAME, Font.PLAIN, 18)\n    }\n}\n\nprivate val FONT_NAME = \"Arial\"\nprivate val TILE_SIZE = 64\nprivate val TILES_MARGIN = 16\n\nabstract class GameSettings(val name: String, val backgroundColor: Color) {\n    abstract fun getBackgroundColor(value: Int): Color\n    abstract fun getForegroundColor(value: Int): Color\n}\n\nfun playGame(game: Game, settings: GameSettings) {\n    with(JFrame()) {\n        title = settings.name\n        defaultCloseOperation = WindowConstants.EXIT_ON_CLOSE\n        setSize(340, 400)\n        isResizable = false\n\n        add(PlayGame(game, settings))\n\n        setLocationRelativeTo(null)\n        isVisible = true\n    }\n}",
          "placeholders" : [ ]
        },
        "src/games/ui/PlayGame2048.kt" : {
          "name" : "src/games/ui/PlayGame2048.kt",
          "text" : "package games.ui\n\nimport games.game2048.newGame2048\nimport java.awt.Color\n\nobject Game2048Settings : GameSettings(\"Game 2048\", Color(0xbbada0)) {\n    private val emptyColor = Color(0xcdc1b4)\n    private val colors: Map<Int, Color> = run {\n        val colors = listOf(\n                0xeee4da, 0xede0c8, 0xf2b179, 0xf59563, 0xf67c5f, 0xf65e3b,\n                0xedcf72, 0xedcc61, 0xedc850, 0xedc53f, 0xedc22e)\n\n        val values: List<Int> = (1..11).map { Math.pow(2.0, it.toDouble()).toInt() }\n        values.zip(colors.map { Color(it) }).toMap()\n    }\n\n    override fun getBackgroundColor(value: Int) = colors[value] ?: emptyColor\n    override fun getForegroundColor(value: Int) = if (value < 16) Color(0x776e65) else Color(0xf9f6f2)\n}\n\n\nfun main() {\n    playGame(newGame2048(), Game2048Settings)\n}",
          "placeholders" : [ ]
        },
        "src/games/ui/PlayGameOfFifteen.kt" : {
          "name" : "src/games/ui/PlayGameOfFifteen.kt",
          "text" : "package games.ui\n\nimport games.gameOfFifteen.newGameOfFifteen\nimport java.awt.Color\n\nobject GameOfFifteenSettings : GameSettings(\"Game of fifteen\", Color(0x909090)) {\n    private val emptyColor = Color(0x787878)\n    private val firstColor = Color(0xC8C8C8)\n    private val secondColor = Color(0xCCCCFF)\n    private val foregroundColor = Color(0x545AA7)\n\n    override fun getBackgroundColor(value: Int) = when {\n        value == 0 -> emptyColor\n        ((value - 1) / 4 + value % 4) % 2 == 0 -> firstColor\n        else -> secondColor\n    }\n\n    override fun getForegroundColor(value: Int) = foregroundColor\n}\n\nfun main() {\n    playGame(newGameOfFifteen(), GameOfFifteenSettings)\n}",
          "placeholders" : [ ]
        },
        "test/games/game2048/AbstractTestGameWithSmallNumbers.kt" : {
          "name" : "test/games/game2048/AbstractTestGameWithSmallNumbers.kt",
          "text" : "package games.game2048\n\nimport board.GameBoard\nimport board.createGameBoard\n\nabstract class AbstractTestGameWithSmallNumbers {\n    private val width = 4\n\n    fun createBoard(input: String): GameBoard<Int?> {\n        return createBoard(TestBoard(input))\n    }\n\n    fun createBoard(input: TestBoard): GameBoard<Int?> {\n        val board = createGameBoard<Int?>(width)\n        for (cell in board.getAllCells()) {\n            val ch = input.values[cell.i - 1][cell.j - 1]\n            if (ch != 0) {\n                board[cell] = ch\n            }\n        }\n        return board\n    }\n\n    fun GameBoard<Int?>.toTestBoard() = TestBoard(valuesToString { i, j ->\n        this[getCell(i + 1, j + 1)]\n    })\n}\n\nprivate fun valuesToString(getElement: (Int, Int) -> Int?) = buildString {\n    for (i in 0..3) {\n        for (j in 0..3) {\n            append(getElement(i, j) ?: '-')\n        }\n        append(' ')\n    }\n}.trim()\n\ndata class TestBoard(val board: String) {\n    val values: List<List<Int?>> by lazy {\n        board.trim()\n                .split(' ')\n                .map { row -> row.map { ch -> if (ch == '-') null else ch - '0' } }\n    }\n\n    fun reversed(): TestBoard = TestBoard(board.reversed())\n\n    fun mirror(): TestBoard {\n        return TestBoard(valuesToString { i, j -> values[j][i] })\n    }\n\n    override fun toString() =\n            board.split(' ')\n                    .joinToString(\"\\n\") { it.toList().joinToString(\" \") }\n}",
          "placeholders" : [ ]
        },
        "test/games/game2048/TestAddingValue.kt" : {
          "name" : "test/games/game2048/TestAddingValue.kt",
          "text" : "package games.game2048\n\nimport org.junit.Assert\nimport org.junit.Test\n\nclass TestAddingValue : AbstractTestGameWithSmallNumbers() {\n    @Test\n    fun test1() = testAddingOneNumber(\"---- ---- -2-- ----\")\n\n    @Test\n    fun test2() = testAddingOneNumber(\"2222 ---- ---- ----\")\n\n    @Test\n    fun test3() = testAddingOneNumber(\"2--- 4--- -2-- ---8\")\n\n    @Test\n    fun test4() = testAddingOneNumber(\"-248 2-2- -2-8 4442\")\n\n    private fun testAddingOneNumber(input: String) {\n        val inputBoard = TestBoard(input)\n        val board = createBoard(inputBoard)\n        board.addNewValue(RandomGame2048Initializer)\n        val result = board.toTestBoard()\n        Assert.assertEquals(\n                buildString {\n                    appendln(\"Only one element should be different after adding a new element.\")\n                    appendln(\"Input:\")\n                    appendln(\"$inputBoard\")\n                    appendln(\"Result:\")\n                    appendln(\"$result\")\n                },\n                1, inputBoard.board.indices.count { input[it] != result.board[it] })\n    }\n}",
          "placeholders" : [ ]
        },
        "test/games/game2048/TestGame2048.kt" : {
          "name" : "test/games/game2048/TestGame2048.kt",
          "text" : "package games.game2048\n\nimport board.Cell\nimport board.Direction\nimport board.Direction.*\nimport board.GameBoard\nimport games.game.Game\nimport org.junit.Assert\nimport org.junit.Test\n\nclass TestGame2048 {\n    private fun Game.asString() =\n            (1..4).joinToString(\"\\n\") { i ->\n                (1..4).joinToString(\" \") { j ->\n                    \"${get(i, j) ?: \"-\"}\"\n                }\n            }\n\n    class TestGame2048Initializer(moves: List<Move>) : Game2048Initializer<Int> {\n        val iterator = moves.iterator()\n        override fun nextValue(board: GameBoard<Int?>): Pair<Cell, Int> {\n            val move = iterator.next()\n            return board.getCell(move.position.first, move.position.second) to move.value\n        }\n    }\n\n    private fun testGame(moves: List<Move>) {\n        val game = newGame2048(TestGame2048Initializer(moves))\n        game.initialize()\n        run {\n            // checking the state after initialization\n            val first = moves[0]\n            val second = moves[1]\n            Assert.assertEquals(\"Wrong result after board initialization \" +\n                    \"by '${first.value}' at ${first.cell} and \" +\n                    \"'${second.value}' at ${second.cell}\",\n                    second.board, game.asString())\n        }\n\n        for ((index, move) in moves.withIndex()) {\n            if (move.direction == null) continue\n            // checking the state after each move\n            game.processMove(move.direction)\n            val prev = moves[index - 1].board\n            Assert.assertEquals(\"Wrong result after moving ${move.direction} \" +\n                    \"and then adding '${move.value}' to ${move.cell} \" +\n                    \"for\\n$prev\\n\",\n                    move.board, game.asString())\n        }\n    }\n\n    data class Move(\n            val position: Pair<Int, Int>,\n            val value: Int,\n            val direction: Direction?,\n            val initialBoard: String\n    ) {\n        val cell: String\n            get() = \"Cell(${position.first}, ${position.second})\"\n\n        val board: String = initialBoard.trimMargin()\n    }\n\n    @Test\n    fun testMoves() {\n        testGame(listOf(\n                Move(Pair(1, 1), 2, null, \"\"\"\n            |2 - - -\n            |- - - -\n            |- - - -\n            |- - - -\"\"\"),\n                Move(Pair(1, 4), 2, null, \"\"\"\n            |2 - - 2\n            |- - - -\n            |- - - -\n            |- - - -\"\"\"),\n                Move(Pair(3, 2), 4, RIGHT, \"\"\"\n            |- - - 4\n            |- - - -\n            |- 4 - -\n            |- - - -\"\"\"),\n                Move(Pair(4, 2), 2, UP, \"\"\"\n            |- 4 - 4\n            |- - - -\n            |- - - -\n            |- 2 - -\"\"\"),\n                Move(Pair(2, 2), 2, LEFT, \"\"\"\n            |8 - - -\n            |- 2 - -\n            |- - - -\n            |2 - - -\"\"\"),\n                Move(Pair(4, 4), 2, DOWN, \"\"\"\n            |- - - -\n            |- - - -\n            |8 - - -\n            |2 2 - 2\"\"\"),\n                Move(Pair(3, 3), 2, RIGHT, \"\"\"\n            |- - - -\n            |- - - -\n            |- - 2 8\n            |- - 2 4\"\"\"),\n                Move(Pair(1, 2), 4, DOWN, \"\"\"\n            |- 4 - -\n            |- - - -\n            |- - - 8\n            |- - 4 4\"\"\"),\n                Move(Pair(3, 1), 2, RIGHT, \"\"\"\n            |- - - 4\n            |- - - -\n            |2 - - 8\n            |- - - 8\"\"\"),\n                Move(Pair(3, 3), 2, DOWN, \"\"\"\n            |- - - -\n            |- - - -\n            |- - 2 4\n            |2 - - 16\"\"\"),\n                Move(Pair(2, 3), 2, DOWN, \"\"\"\n            |- - - -\n            |- - 2 -\n            |- - - 4\n            |2 - 2 16\"\"\"),\n                Move(Pair(1, 4), 2, RIGHT, \"\"\"\n            |- - - 2\n            |- - - 2\n            |- - - 4\n            |- - 4 16\"\"\"),\n                Move(Pair(3, 2), 2, LEFT, \"\"\"\n            |2 - - -\n            |2 - - -\n            |4 2 - -\n            |4 16 - -\"\"\"),\n                Move(Pair(1, 3), 2, DOWN, \"\"\"\n            |- - 2 -\n            |- - - -\n            |4 2 - -\n            |8 16 - -\"\"\")\n        ))\n    }\n}",
          "placeholders" : [ ]
        },
        "test/games/game2048/TestGame2048Helper.kt" : {
          "name" : "test/games/game2048/TestGame2048Helper.kt",
          "text" : "package games.game2048\n\nimport org.junit.Assert\nimport org.junit.FixMethodOrder\nimport org.junit.Test\nimport org.junit.runners.MethodSorters\n\n@FixMethodOrder(MethodSorters.NAME_ASCENDING)\nclass TestGame2048Helper {\n\n    @Test\n    fun test01SimpleMove1() = testMerge(listOf(null, null, null, \"a\"), listOf(\"a\"))\n\n    @Test\n    fun test02SimpleMove2() = testMerge(listOf(\"b\", null, null, \"a\"), listOf(\"b\", \"a\"))\n\n    @Test\n    fun test03SimpleMove3() = testMerge(listOf(null, \"b\", null, \"a\"), listOf(\"b\", \"a\"))\n\n    @Test\n    fun test04SimpleMerge1() = testMerge(listOf(\"a\", \"a\", null, null), listOf(\"aa\"))\n\n    @Test\n    fun test05SimpleMerge2() = testMerge(listOf(null, \"a\", \"a\", null), listOf(\"aa\"))\n\n    @Test\n    fun test06SimpleMerge3() = testMerge(listOf(null, null, \"a\", \"a\"), listOf(\"aa\"))\n\n    @Test\n    fun test07SimpleMerge4() = testMerge(listOf(\"a\", null, \"a\", null), listOf(\"aa\"))\n\n    @Test\n    fun test08SimpleMerge5() = testMerge(listOf(\"a\", null, null, \"a\"), listOf(\"aa\"))\n\n    @Test\n    fun test09SimpleMerge6() = testMerge(listOf(null, \"a\", null, \"a\"), listOf(\"aa\"))\n\n    @Test\n    fun test10MergeWithExtraElement1() = testMerge(listOf(\"a\", null, \"a\", \"a\"), listOf(\"aa\", \"a\"))\n\n    @Test\n    fun test11MergeWithExtraElement2() = testMerge(listOf(\"a\", null, \"a\", \"b\"), listOf(\"aa\", \"b\"))\n\n    @Test\n    fun test12MergeWithExtraElement3() = testMerge(listOf(\"a\", \"a\", null, \"b\"), listOf(\"aa\", \"b\"))\n\n    @Test\n    fun test13NoMerge1() = testMerge(listOf(\"a\", \"b\", \"a\", null), listOf(\"a\", \"b\", \"a\"))\n\n    @Test\n    fun test14NoMerge2() = testMerge(listOf(\"a\", null, \"b\", \"a\"), listOf(\"a\", \"b\", \"a\"))\n\n    @Test\n    fun test15MergeInFull1() = testMerge(listOf(\"a\", \"a\", \"b\", \"a\"), listOf(\"aa\", \"b\", \"a\"))\n\n    @Test\n    fun test16MergeInFull2() = testMerge(listOf(\"a\", \"a\", \"b\", \"b\"), listOf(\"aa\", \"bb\"))\n\n    @Test\n    fun test17MergeOfThree1() = testMerge(listOf(\"a\", \"a\", \"a\", null), listOf(\"aa\", \"a\"))\n\n    @Test\n    fun test18MergeOfThree2() = testMerge(listOf(\"a\", null, \"a\", \"a\"), listOf(\"aa\", \"a\"))\n\n    private fun testMerge(input: List<String?>, expected: List<String?>) {\n        val result = input.moveAndMergeEqual { it.repeat(2) }\n        Assert.assertEquals(\"Wrong result for $input.moveAndMergeEqual()\",\n                expected, result)\n    }\n}",
          "placeholders" : [ ]
        },
        "test/games/game2048/TestGame2048Initializer.kt" : {
          "name" : "test/games/game2048/TestGame2048Initializer.kt",
          "text" : "package games.game2048\n\nimport org.junit.Assert\nimport org.junit.Test\n\nclass TestGame2048Initializer : AbstractTestGameWithSmallNumbers() {\n    private val prefix = \"Testing RandomGame2048Initializer.nextValue():\"\n\n    @Test\n    fun test0() {\n        val board = createBoard(\"4248 2824 8248 2482\")\n        val nextValue = RandomGame2048Initializer.nextValue(board)\n        Assert.assertNull(\"$prefix new elements can't be added to a full board\", nextValue)\n    }\n\n    @Test\n    fun test1() = testNextValue(\"0000 0000 0200 0000\")\n\n    @Test\n    fun test2() = testNextValue(\"2222 0000 0000 0000\")\n\n    @Test\n    fun test3() = testNextValue(\"2000 4000 0200 0008\")\n\n    @Test\n    fun test4() = testNextValue(\"0248 2020 0208 4442\")\n\n    private fun testNextValue(input: String) {\n        val board = createBoard(input)\n        val (cell, value) = RandomGame2048Initializer.nextValue(board)\n                ?: throw AssertionError(\"$prefix Next value should be non-null for $board\")\n        val empty = board.filter { it == null }\n        Assert.assertTrue(\"$prefix a value might be added only to one of the empty cells\", cell in empty)\n        Assert.assertTrue(\"$prefix new element can only be 2 or 4\", value in setOf(2, 4))\n    }\n}",
          "placeholders" : [ ]
        },
        "test/games/board/TestGameBoard.kt" : {
          "name" : "test/games/board/TestGameBoard.kt",
          "text" : "package games.board\n\nimport board.GameBoard\nimport board.createGameBoard\nimport org.junit.Assert\nimport org.junit.FixMethodOrder\nimport org.junit.Test\nimport org.junit.runners.MethodSorters\n\n@FixMethodOrder(MethodSorters.NAME_ASCENDING)\nclass TestGameBoard {\n    operator fun <T> GameBoard<T>.get(i: Int, j: Int) = get(getCell(i, j))\n    operator fun <T> GameBoard<T>.set(i: Int, j: Int, value: T) = set(getCell(i, j), value)\n\n    @Test\n    fun test01GetAndSetElement() {\n        val gameBoard = createGameBoard<Char>(2)\n        gameBoard[1, 1] = 'a'\n        Assert.assertEquals('a', gameBoard[1, 1])\n    }\n\n    @Test\n    fun test02Filter() {\n        val gameBoard = createGameBoard<Char>(2)\n        gameBoard[1, 1] = 'a'\n        gameBoard[1, 2] = 'b'\n        val cells = gameBoard.filter { it == 'a' }\n        Assert.assertEquals(1, cells.size)\n        val cell = cells.first()\n        Assert.assertEquals(1, cell.i)\n        Assert.assertEquals(1, cell.j)\n    }\n\n    @Test\n    fun test03All() {\n        val gameBoard = createGameBoard<Char>(2)\n        gameBoard[1, 1] = 'a'\n        gameBoard[1, 2] = 'a'\n        Assert.assertFalse(gameBoard.all { it == 'a' })\n        gameBoard[2, 1] = 'a'\n        gameBoard[2, 2] = 'a'\n        Assert.assertTrue(gameBoard.all { it == 'a' })\n    }\n\n    @Test\n    fun test04Any() {\n        val gameBoard = createGameBoard<Char>(2)\n        gameBoard[1, 1] = 'a'\n        gameBoard[1, 2] = 'b'\n        Assert.assertTrue(gameBoard.any { it in 'a'..'b' })\n        Assert.assertTrue(gameBoard.any { it == null })\n    }\n\n    @Test\n    fun test05TheSameCell() {\n        val gameBoard = createGameBoard<Char>(2)\n        gameBoard[1, 1] = 'a'\n        val cell1 = gameBoard.find { it == 'a' }\n        gameBoard[1, 1] = 'b'\n        val cell2 = gameBoard.find { it == 'b' }\n        Assert.assertEquals(cell1, cell2)\n    }\n\n    @Test\n    fun test06FindReturnsTheSameCell() {\n        val gameBoard = createGameBoard<Char>(2)\n        gameBoard[1, 1] = 'a'\n        val first = gameBoard.find { it == 'a' }\n        val second = gameBoard.getCell(1, 1)\n        Assert.assertTrue(\"'find' shouldn't recreate the 'Cell' instances.\\n\" +\n                \"Create only 'width * width' cells; all the functions working with cells\\n\" +\n                \"should return existing cells instead of creating new ones.\",\n                first === second)\n    }\n\n    @Test\n    fun test07FilterTheSameCell() {\n        val gameBoard = createGameBoard<Char>(2)\n        gameBoard[1, 1] = 'a'\n        val cells = gameBoard.filter { it == 'a' }\n        val first = cells.first()\n        val second = gameBoard.getCell(1, 1)\n        Assert.assertTrue(\"'filter' shouldn't recreate the 'Cell' instances.\\n\" +\n                \"Create only 'width * width' cells; all the functions working with cells\\n\" +\n                \"should return existing cells instead of creating new ones.\",\n                first === second)\n    }\n\n    @Test\n    fun test08AllAny() {\n        val gameBoard = createGameBoard<Int>(2)\n        gameBoard[1, 1] = 1\n        gameBoard[1, 2] = 0\n        gameBoard[2, 1] = 2\n        gameBoard[2, 2] = 3\n        testAllAny(gameBoard)\n    }\n\n    @Test\n    fun test09AllAny() {\n        val gameBoard = createGameBoard<Int>(2)\n        gameBoard[1, 1] = 0\n        gameBoard[1, 2] = 0\n        gameBoard[2, 1] = 0\n        gameBoard[2, 2] = 0\n        testAllAny(gameBoard)\n    }\n\n    @Test\n    fun test10AllAny() {\n        val gameBoard = createGameBoard<Int>(2)\n        gameBoard[1, 1] = 1\n        gameBoard[1, 2] = 2\n        gameBoard[2, 1] = 3\n        gameBoard[2, 2] = 4\n        testAllAny(gameBoard)\n    }\n\n    @Test\n    fun test11AllAny() {\n        val gameBoard = createGameBoard<Int>(2)\n        gameBoard[1, 1] = 0\n        gameBoard[1, 2] = 1\n        gameBoard[2, 2] = 1\n        testAllAny(gameBoard)\n    }\n\n    private fun <T> GameBoard<T>.asString() =\n            (1..width).joinToString(\"\\n\") { i ->\n                (1..width).joinToString(\" \") { j ->\n                    \"${get(i, j) ?: \"-\"}\"\n                }\n            }\n\n    private fun testAllAny(gameBoard: GameBoard<Int>) {\n        val allNonZero = gameBoard.all { it != 0 }\n        val anyZero = gameBoard.any { it == 0 }\n        Assert.assertTrue(buildString {\n            appendln(\"'board.all { it != 0 }' should give the same result as '!board.any { it == 0 }' for the board\")\n            appendln(gameBoard.asString())\n        }, allNonZero == !anyZero)\n    }\n}",
          "placeholders" : [ ]
        },
        "test/games/gameOfFifteen/TestGameOfFifteen.kt" : {
          "name" : "test/games/gameOfFifteen/TestGameOfFifteen.kt",
          "text" : "package games.gameOfFifteen\n\nimport board.Direction\nimport board.Direction.*\nimport games.game.Game\nimport org.junit.Assert\nimport org.junit.Test\n\nclass TestGameOfFifteen {\n    private fun Game.asString() =\n            (1..4).joinToString(\"\\n\") { i ->\n                (1..4).joinToString(\" \") { j ->\n                    get(i, j)?.let { \"%2d\".format(it) } ?: \" -\"\n                }\n            }\n\n    class TestGameInitializer(\n            override val initialPermutation: List<Int>\n    ) : GameOfFifteenInitializer\n\n    private fun testGame(initialPermutation: List<Int>, moves: List<Move>) {\n        val game = newGameOfFifteen(TestGameInitializer(initialPermutation))\n        game.initialize()\n\n        for ((index, move) in moves.withIndex()) {\n            if (move.direction == null) continue\n            // checking the state after each move\n            Assert.assertTrue(\"The move for game of fifteen should be always possible\", game.canMove())\n            game.processMove(move.direction)\n            val prev = moves[index - 1].board\n            Assert.assertEquals(\"Wrong result after pressing ${move.direction} \" +\n                    \"for\\n$prev\\n\",\n                    move.board, game.asString())\n        }\n    }\n\n    data class Move(\n            val direction: Direction?,\n            val initialBoard: String\n    ) {\n        val board: String = initialBoard.trimMargin()\n    }\n\n    @Test\n    fun testMoves() {\n        testGame(listOf(3, 6, 13, 15, 7, 5, 8, 4, 14, 11, 12, 1, 10, 9, 2),\n                listOf(\n                        Move(null, \"\"\"\n            | 3  6 13 15\n            | 7  5  8  4\n            |14 11 12  1\n            |10  9  2  -\"\"\"),\n                        Move(RIGHT, \"\"\"\n            | 3  6 13 15\n            | 7  5  8  4\n            |14 11 12  1\n            |10  9  -  2\"\"\"),\n                        Move(DOWN, \"\"\"\n            | 3  6 13 15\n            | 7  5  8  4\n            |14 11  -  1\n            |10  9 12  2\"\"\"),\n                        Move(LEFT, \"\"\"\n            | 3  6 13 15\n            | 7  5  8  4\n            |14 11  1  -\n            |10  9 12  2\"\"\"),\n                        Move(UP, \"\"\"\n            | 3  6 13 15\n            | 7  5  8  4\n            |14 11  1  2\n            |10  9 12  -\"\"\"),\n                        Move(RIGHT, \"\"\"\n            | 3  6 13 15\n            | 7  5  8  4\n            |14 11  1  2\n            |10  9  - 12\"\"\")\n                ))\n    }\n\n    @Test\n    fun testWinning() {\n        val game = newGameOfFifteen(TestGameInitializer(\n                (1..15).toList()))\n        game.initialize()\n        Assert.assertTrue(\"The player should win when the numbers are in order\",\n                game.hasWon())\n    }\n}",
          "placeholders" : [ ]
        },
        "test/games/gameOfFifteen/TestGameOfFifteenHelper.kt" : {
          "name" : "test/games/gameOfFifteen/TestGameOfFifteenHelper.kt",
          "text" : "package games.gameOfFifteen\n\nimport org.junit.Assert\nimport org.junit.Test\n\nclass TestGameOfFifteenHelper {\n    private fun testPermutation(permutation: List<Int>, expected: Boolean) {\n        Assert.assertEquals(\"The following permutation should be ${if (expected) \"even\" else \"odd\"}: $permutation\", expected,\n            isEven(permutation))\n    }\n\n    private fun testPermutation(permutation: String, parity: Boolean) {\n        testPermutation(permutation.map { \"$it\".toInt() }, parity)\n    }\n\n    private fun testEven(shortPermutation: String) = testPermutation(shortPermutation, true)\n    private fun testOdd(shortPermutation: String) = testPermutation(shortPermutation, false)\n\n    private fun testEven(shortPermutation: Int) = testEven(shortPermutation.toString())\n    private fun testOdd(shortPermutation: Int) = testOdd(shortPermutation.toString())\n\n    @Test\n    fun testEven0() = testEven(123)\n\n    @Test\n    fun testEven1() = testEven(1234)\n\n    @Test\n    fun testEven2() = testEven(3124)\n\n    @Test\n    fun testEven3() = testEven(2314)\n\n    @Test\n    fun testEven4() = testEven(2143)\n\n    @Test\n    fun testEven5() = testEven(1423)\n\n    @Test\n    fun testEven6() = testEven(4213)\n\n    @Test\n    fun testEven7() = testEven(1342)\n\n    @Test\n    fun testEven8() = testEven(4132)\n\n    @Test\n    fun testEven9() = testEven(3412)\n\n    @Test\n    fun testEven10() = testEven(3241)\n\n    @Test\n    fun testEven11() = testEven(2431)\n\n    @Test\n    fun testEven12() = testEven(4321)\n\n    @Test\n    fun testEven13() = testEven(\"0123456789\")\n\n    @Test\n    fun testEven14() = testEven(\"4301865279\")\n\n    @Test\n    fun testEven15() = testEven(\"9604572831\")\n\n    @Test\n    fun testEven16() = testEven(\"1320485769\")\n\n    @Test\n    fun testOdd0() = testOdd(132)\n\n    @Test\n    fun testOdd1() = testOdd(2134)\n\n    @Test\n    fun testOdd2() = testOdd(1324)\n\n    @Test\n    fun testOdd3() = testOdd(3214)\n\n    @Test\n    fun testOdd4() = testOdd(1243)\n\n    @Test\n    fun testOdd5() = testOdd(4123)\n\n    @Test\n    fun testOdd6() = testOdd(2413)\n\n    @Test\n    fun testOdd7() = testOdd(3142)\n\n    @Test\n    fun testOdd8() = testOdd(1432)\n\n    @Test\n    fun testOdd9() = testOdd(4312)\n\n    @Test\n    fun testOdd10() = testOdd(2341)\n\n    @Test\n    fun testOdd11() = testOdd(4231)\n\n    @Test\n    fun testOdd12() = testOdd(3421)\n\n    @Test\n    fun testOdd13() = testOdd(\"1234567890\")\n\n    @Test\n    fun testOdd14() = testOdd(\"5782401963\")\n\n    @Test\n    fun testOdd15() = testOdd(\"3592871064\")\n\n    @Test\n    fun testOdd16() = testOdd(\"2045831967\")\n\n    @Test\n    fun testStart() = testPermutation((1..15).toList(), true)\n}",
          "placeholders" : [ ]
        },
        "test/games/gameOfFifteen/TestGameOfFifteenInitializer.kt" : {
          "name" : "test/games/gameOfFifteen/TestGameOfFifteenInitializer.kt",
          "text" : "package games.gameOfFifteen\n\nimport org.junit.Assert\nimport org.junit.Test\n\nclass TestGameOfFifteenInitializer {\n    @Test\n    fun testInitialPermutationIsNotTrivial() {\n        val initializer = RandomGameInitializer()\n        Assert.assertNotEquals(\"The initial permutation must not be trivial\",\n            (1..15).toList(), initializer.initialPermutation)\n    }\n\n    @Test\n    fun testInitialPermutationIsEven() {\n        val initializer = RandomGameInitializer()\n        Assert.assertNotEquals(\"The initial permutation must be even\",\n            isEven(initializer.initialPermutation))\n    }\n}",
          "placeholders" : [ ]
        },
        "test/games/game2048/TestMoveValues.kt" : {
          "name" : "test/games/game2048/TestMoveValues.kt",
          "text" : "package games.game2048\n\nimport board.Direction\nimport board.Direction.DOWN\nimport board.Direction.RIGHT\nimport org.junit.Assert\nimport org.junit.Test\n\nclass TestMoveValues : AbstractTestGameWithSmallNumbers() {\n    @Test\n    fun testSimpleMove() = testAllDirections(\"---- ---- -2-- ----\", \"---- ---- ---2 ----\")\n\n    @Test\n    fun testNoMove() = testAllDirections(\"---- ---- ---- 2424\", \"---- ---- ---- 2424\", move = false)\n\n    @Test\n    fun testSeveralMoves() = testAllDirections(\"2--- -2-- --2- ---2\", \"---2 ---2 ---2 ---2\")\n\n    @Test\n    fun testMovesInSomeRows() = testAllDirections(\"2--- ---- --2- 2424\", \"---2 ---- ---2 2424\")\n\n    @Test\n    fun testMoveAndMerge() = testAllDirections(\"2-2- -2-2 --2- ---2\", \"---4 ---4 ---2 ---2\")\n\n    @Test\n    fun testMerge() = testAllDirections(\"2-22 2-42 22-2 ----\", \"--24 -242 --24 ----\")\n\n    private fun testAllDirections(inputString: String, expectedString: String, move: Boolean = true) {\n        val input = TestBoard(inputString)\n        val expected = TestBoard(expectedString)\n        testRegularAndReversedDirections(RIGHT, input, expected, move)\n        testRegularAndReversedDirections(DOWN, input.mirror(), expected.mirror(), move)\n    }\n\n    private fun testRegularAndReversedDirections(direction: Direction, input: TestBoard, expected: TestBoard, move: Boolean) {\n        testMove(direction, input, expected, move)\n        testMove(direction.reversed(), input.reversed(), expected.reversed(), move)\n    }\n\n    private fun testMove(direction: Direction, input: TestBoard, expected: TestBoard, expectedMove: Boolean) {\n        val board = createBoard(input)\n        val actualMove = board.moveValues(direction)\n        val result = board.toTestBoard()\n        Assert.assertEquals(\"Incorrect move to $direction.\\n\" +\n                \"Input:\\n$input\\n\", expected, result)\n        Assert.assertEquals(\"The 'moveValues' method returns incorrect result. Direction: $direction.\\n\" +\n                \"Input:\\n$input\\n\", expectedMove, actualMove)\n    }\n}",
          "placeholders" : [ ]
        },
        "test/games/game2048/TestMoveValuesInRowOrColumn.kt" : {
          "name" : "test/games/game2048/TestMoveValuesInRowOrColumn.kt",
          "text" : "package games.game2048\n\nimport board.Cell\nimport board.SquareBoard\nimport org.junit.Assert\nimport org.junit.Test\n\nclass TestMoveValuesInRowOrColumn : AbstractTestGameWithSmallNumbers() {\n    private val defaultInput = \"\"\"-2-4 2--- ---- 4---\"\"\"\n\n    @Test\n    fun testRow() = testMoveInRowOrColumn({ it.getRow(1, 1..4) }, \"Row(1, 1..4)\",\n            \"24-- 2--- ---- 4---\")\n\n    @Test\n    fun testRowReversed() = testMoveInRowOrColumn({ it.getRow(1, 4 downTo 1) }, \"Row(1, 4 downTo 1)\",\n            \"--24 2--- ---- 4---\")\n\n\n    @Test\n    fun testColumn() = testMoveInRowOrColumn({ it.getColumn(1..4, 1) }, \"Column(1..4, 1)\",\n            \"22-4 4--- ---- ----\")\n\n    @Test\n    fun testColumnReversed() = testMoveInRowOrColumn({ it.getColumn(4 downTo 1, 1) }, \"Column(4 downTo 1, 1)\",\n            \"-2-4 ---- 2--- 4---\")\n\n    @Test\n    fun testNoMove() = testMoveInRowOrColumn({ it.getRow(1, 1..4) }, \"Row(1, 1..4)\",\n            \"2424 ---- ---- ----\", \"2424 ---- ---- ----\", expectedMove = false)\n\n    private fun testMoveInRowOrColumn(\n            getRowOrColumn: (SquareBoard) -> List<Cell>,\n            rowOrColumnName: String,\n            expected: String,\n            input: String = defaultInput,\n            expectedMove: Boolean = true\n    ) {\n        val inputBoard = TestBoard(input)\n        val board = createBoard(inputBoard)\n        val rowOrColumn = getRowOrColumn(board)\n        val actualMove = board.moveValuesInRowOrColumn(rowOrColumn)\n\n        Assert.assertEquals(\"Incorrect move in $rowOrColumnName.\\nInput:\\n$inputBoard\\n\",\n                TestBoard(expected), board.toTestBoard())\n\n        Assert.assertEquals(\"The 'moveValuesInRowOrColumn' method returns incorrect result for input:\\n$inputBoard\",\n                expectedMove, actualMove)\n    }\n}",
          "placeholders" : [ ]
        },
        "test/games/board/TestSquareBoard.kt" : {
          "name" : "test/games/board/TestSquareBoard.kt",
          "text" : "package games.board\n\nimport board.Cell\nimport board.Direction\nimport board.Direction.*\nimport board.createSquareBoard\nimport org.junit.Assert\nimport org.junit.FixMethodOrder\nimport org.junit.Test\nimport org.junit.runners.MethodSorters\n\n@FixMethodOrder(MethodSorters.NAME_ASCENDING)\nclass TestSquareBoard {\n    @Test\n    fun test00AllCells() {\n        val board = createSquareBoard(2)\n        val cells = board.getAllCells().sortedWith(compareBy<Cell> { it.i }.thenBy { it.j })\n        Assert.assertEquals(\"[(1, 1), (1, 2), (2, 1), (2, 2)]\", cells.toString())\n    }\n\n    @Test\n    fun test01Cell() {\n        val board = createSquareBoard(2)\n        val cell = board.getCellOrNull(1, 2)\n        Assert.assertEquals(1, cell?.i)\n        Assert.assertEquals(2, cell?.j)\n    }\n\n    @Test\n    fun test02NoCell() {\n        val board = createSquareBoard(2)\n        val cell = board.getCellOrNull(3, 3)\n        Assert.assertEquals(null, cell)\n    }\n\n    @Test\n    fun test03Row() {\n        val board = createSquareBoard(2)\n        val row = board.getRow(1, 1..2)\n        Assert.assertEquals(\"[(1, 1), (1, 2)]\", row.toString())\n    }\n\n    @Test\n    fun test04RowReversed() {\n        val board = createSquareBoard(2)\n        val row = board.getRow(1, 2 downTo 1)\n        Assert.assertEquals(\"[(1, 2), (1, 1)]\", row.toString())\n    }\n\n    @Test\n    fun test05RowWrongRange() {\n        val board = createSquareBoard(2)\n        val row = board.getRow(1, 1..10)\n        Assert.assertEquals(\"[(1, 1), (1, 2)]\", row.toString())\n    }\n\n    @Test\n    fun test06Neighbour() {\n        val board = createSquareBoard(2)\n        with(board) {\n            val cell = getCellOrNull(1, 1)\n            Assert.assertNotNull(cell)\n            Assert.assertEquals(null, cell!!.getNeighbour(Direction.UP))\n            Assert.assertEquals(null, cell.getNeighbour(Direction.LEFT))\n            Assert.assertEquals(\"(2, 1)\", cell.getNeighbour(Direction.DOWN).toString())\n            Assert.assertEquals(\"(1, 2)\", cell.getNeighbour(Direction.RIGHT).toString())\n        }\n    }\n\n    @Test\n    fun test07AllCells() {\n        val board = createSquareBoard(3)\n        val cells = board.getAllCells().sortedWith(compareBy<Cell> { it.i }.thenBy { it.j })\n        Assert.assertEquals(\"Wrong result for 'getAllCells()' for the board of width 3.\",\n                \"[(1, 1), (1, 2), (1, 3), (2, 1), (2, 2), (2, 3), (3, 1), (3, 2), (3, 3)]\",\n                cells.toString())\n    }\n\n    @Test\n    fun test08Cell() {\n        val board = createSquareBoard(4)\n        val cell = board.getCellOrNull(2, 3)\n        Assert.assertEquals(\"The board of width 4 should contain the cell (2, 3).\",\n                \"(2, 3)\", cell.toString())\n    }\n\n    @Test\n    fun test09NoCell() {\n        val board = createSquareBoard(4)\n        val cell = board.getCellOrNull(10, 10)\n        Assert.assertEquals(\"The board of width 4 should contain the cell (10, 10).\", null, cell)\n    }\n\n    @Test\n    fun test10Row() {\n        val row = createSquareBoard(4).getRow(1, 1..2)\n        Assert.assertEquals(\"Wrong row for 'createSquareBoard(4).getRow(1, 1..2)'.\",\n                \"[(1, 1), (1, 2)]\", row.toString())\n    }\n\n    @Test\n    fun test11Column() {\n        val row = createSquareBoard(4).getColumn(1..2, 3)\n        Assert.assertEquals(\"Wrong column for 'createSquareBoard(4).getColumn(1..2, 3)'.\",\n                \"[(1, 3), (2, 3)]\", row.toString())\n    }\n\n    @Test\n    fun test12RowReversedRange() {\n        val row = createSquareBoard(4).getRow(1, 4 downTo 1)\n        Assert.assertEquals(\"Wrong column for 'createSquareBoard(4).getRow(1, 4 downTo 1)'.\",\n                \"[(1, 4), (1, 3), (1, 2), (1, 1)]\", row.toString())\n    }\n\n    @Test\n    fun test13ColumnReversedRange() {\n        val row = createSquareBoard(4).getColumn(2 downTo 1, 3)\n        Assert.assertEquals(\"Wrong column for 'createSquareBoard(4).getColumn(2 downTo 1, 3)'.\",\n                \"[(2, 3), (1, 3)]\", row.toString())\n    }\n\n    @Test\n    fun test14ColumnWrongRange() {\n        val row = createSquareBoard(4).getColumn(3..6, 2)\n        Assert.assertEquals(\"Wrong column for 'createSquareBoard(4).getColumn(3..6, 2)'.\",\n                \"[(3, 2), (4, 2)]\", row.toString())\n    }\n\n    private fun neighbourMessage(cell: Cell, direction: Direction) =\n            \"Wrong neighbour for the cell $cell in a direction $direction.\"\n\n    @Test\n    fun test15Neighbour() {\n        with(createSquareBoard(4)) {\n            val cell = getCellOrNull(2, 3)\n            Assert.assertNotNull(\"The board of width 4 should contain the cell (2, 3).\", cell)\n            Assert.assertEquals(neighbourMessage(cell!!, UP), \"(1, 3)\", cell.getNeighbour(UP).toString())\n            Assert.assertEquals(neighbourMessage(cell, DOWN), \"(3, 3)\", cell.getNeighbour(DOWN).toString())\n            Assert.assertEquals(neighbourMessage(cell, LEFT), \"(2, 2)\", cell.getNeighbour(LEFT).toString())\n            Assert.assertEquals(neighbourMessage(cell, RIGHT), \"(2, 4)\", cell.getNeighbour(RIGHT).toString())\n        }\n    }\n\n    @Test\n    fun test16NullableNeighbour() {\n        with(createSquareBoard(4)) {\n            val cell = getCellOrNull(4, 4)\n            Assert.assertNotNull(\"The board of width 4 should contain the cell (4, 4).\", cell)\n            Assert.assertEquals(neighbourMessage(cell!!, UP), \"(3, 4)\", cell.getNeighbour(UP).toString())\n            Assert.assertEquals(neighbourMessage(cell, LEFT), \"(4, 3)\", cell.getNeighbour(LEFT).toString())\n            Assert.assertEquals(neighbourMessage(cell, DOWN), null, cell.getNeighbour(DOWN))\n            Assert.assertEquals(neighbourMessage(cell, RIGHT), null, cell.getNeighbour(RIGHT))\n        }\n    }\n\n    @Test\n    fun test17TheSameCell() {\n        val board = createSquareBoard(4)\n        val first = board.getCell(1, 2)\n        val second = board.getCellOrNull(1, 2)\n        Assert.assertTrue(\"'getCell' and 'getCellOrNull' should return the same 'Cell' instances.\\n\" +\n                \"Create only 'width * width' cells; all the functions working with cells \" +\n                \"should return existing cells instead of creating new ones.\",\n                first === second)\n    }\n\n    @Test\n    fun test18TheSameCell() {\n        val board = createSquareBoard(1)\n        val first = board.getAllCells().first()\n        val second = board.getCell(1, 1)\n        Assert.assertTrue(\"'getAllCells' and 'getCell' should return the same 'Cell' instances.\\n\" +\n                \"Create only 'width * width' cells; all the functions working with cells \" +\n                \"should return existing cells instead of creating new ones.\",\n                first === second)\n    }\n\n    @Test\n    fun test19TheSameCell() {\n        val board = createSquareBoard(4)\n        val cell = board.getCell(1, 1)\n        val first = board.run { cell.getNeighbour(RIGHT) }\n        val second = board.getCell(1, 2)\n        Assert.assertTrue(\"'getNeighbour' shouldn't recreate the 'Cell' instance.\\n\" +\n                \"Create only 'width * width' cells; all the functions working with cells \" +\n                \"should return existing cells instead of creating new ones.\",\n                first === second)\n    }\n\n    @Test\n    fun test20TheSameCell() {\n        val board = createSquareBoard(2)\n        val row = board.getRow(1, 1..1)\n        val first = row[0]\n        val second = board.getCell(1, 1)\n        Assert.assertTrue(\"'getRow' shouldn't recreate the 'Cell' instances.\\n\" +\n                \"Create only 'width * width' cells; all the functions working with cells \" +\n                \"should return existing cells instead of creating new ones.\",\n                first === second)\n    }\n\n    @Test\n    fun test21TheSameCell() {\n        val board = createSquareBoard(2)\n        val column = board.getColumn(1..1, 2)\n        val first = column[0]\n        val second = board.getCell(1, 2)\n        Assert.assertTrue(\"'getColumn' shouldn't recreate the 'Cell' instances.\\n\" +\n                \"Create only 'width * width' cells; all the functions working with cells \" +\n                \"should return existing cells instead of creating new ones.\",\n                first === second)\n    }\n}\n",
          "placeholders" : [ ]
        }
      },
      "test_files" : {
        "test/games/game2048/AbstractTestGameWithSmallNumbers.kt" : "package games.game2048\n\nimport board.GameBoard\nimport board.createGameBoard\n\nabstract class AbstractTestGameWithSmallNumbers {\n    private val width = 4\n\n    fun createBoard(input: String): GameBoard<Int?> {\n        return createBoard(TestBoard(input))\n    }\n\n    fun createBoard(input: TestBoard): GameBoard<Int?> {\n        val board = createGameBoard<Int?>(width)\n        for (cell in board.getAllCells()) {\n            val ch = input.values[cell.i - 1][cell.j - 1]\n            if (ch != 0) {\n                board[cell] = ch\n            }\n        }\n        return board\n    }\n\n    fun GameBoard<Int?>.toTestBoard() = TestBoard(valuesToString { i, j ->\n        this[getCell(i + 1, j + 1)]\n    })\n}\n\nprivate fun valuesToString(getElement: (Int, Int) -> Int?) = buildString {\n    for (i in 0..3) {\n        for (j in 0..3) {\n            append(getElement(i, j) ?: '-')\n        }\n        append(' ')\n    }\n}.trim()\n\ndata class TestBoard(val board: String) {\n    val values: List<List<Int?>> by lazy {\n        board.trim()\n                .split(' ')\n                .map { row -> row.map { ch -> if (ch == '-') null else ch - '0' } }\n    }\n\n    fun reversed(): TestBoard = TestBoard(board.reversed())\n\n    fun mirror(): TestBoard {\n        return TestBoard(valuesToString { i, j -> values[j][i] })\n    }\n\n    override fun toString() =\n            board.split(' ')\n                    .joinToString(\"\\n\") { it.toList().joinToString(\" \") }\n}",
        "test/games/game2048/TestAddingValue.kt" : "package games.game2048\n\nimport org.junit.Assert\nimport org.junit.Test\n\nclass TestAddingValue : AbstractTestGameWithSmallNumbers() {\n    @Test\n    fun test1() = testAddingOneNumber(\"---- ---- -2-- ----\")\n\n    @Test\n    fun test2() = testAddingOneNumber(\"2222 ---- ---- ----\")\n\n    @Test\n    fun test3() = testAddingOneNumber(\"2--- 4--- -2-- ---8\")\n\n    @Test\n    fun test4() = testAddingOneNumber(\"-248 2-2- -2-8 4442\")\n\n    private fun testAddingOneNumber(input: String) {\n        val inputBoard = TestBoard(input)\n        val board = createBoard(inputBoard)\n        board.addNewValue(RandomGame2048Initializer)\n        val result = board.toTestBoard()\n        Assert.assertEquals(\n                buildString {\n                    appendln(\"Only one element should be different after adding a new element.\")\n                    appendln(\"Input:\")\n                    appendln(\"$inputBoard\")\n                    appendln(\"Result:\")\n                    appendln(\"$result\")\n                },\n                1, inputBoard.board.indices.count { input[it] != result.board[it] })\n    }\n}",
        "test/games/game2048/TestGame2048.kt" : "package games.game2048\n\nimport board.Cell\nimport board.Direction\nimport board.Direction.*\nimport board.GameBoard\nimport games.game.Game\nimport org.junit.Assert\nimport org.junit.Test\n\nclass TestGame2048 {\n    private fun Game.asString() =\n            (1..4).joinToString(\"\\n\") { i ->\n                (1..4).joinToString(\" \") { j ->\n                    \"${get(i, j) ?: \"-\"}\"\n                }\n            }\n\n    class TestGame2048Initializer(moves: List<Move>) : Game2048Initializer<Int> {\n        val iterator = moves.iterator()\n        override fun nextValue(board: GameBoard<Int?>): Pair<Cell, Int> {\n            val move = iterator.next()\n            return board.getCell(move.position.first, move.position.second) to move.value\n        }\n    }\n\n    private fun testGame(moves: List<Move>) {\n        val game = newGame2048(TestGame2048Initializer(moves))\n        game.initialize()\n        run {\n            // checking the state after initialization\n            val first = moves[0]\n            val second = moves[1]\n            Assert.assertEquals(\"Wrong result after board initialization \" +\n                    \"by '${first.value}' at ${first.cell} and \" +\n                    \"'${second.value}' at ${second.cell}\",\n                    second.board, game.asString())\n        }\n\n        for ((index, move) in moves.withIndex()) {\n            if (move.direction == null) continue\n            // checking the state after each move\n            game.processMove(move.direction)\n            val prev = moves[index - 1].board\n            Assert.assertEquals(\"Wrong result after moving ${move.direction} \" +\n                    \"and then adding '${move.value}' to ${move.cell} \" +\n                    \"for\\n$prev\\n\",\n                    move.board, game.asString())\n        }\n    }\n\n    data class Move(\n            val position: Pair<Int, Int>,\n            val value: Int,\n            val direction: Direction?,\n            val initialBoard: String\n    ) {\n        val cell: String\n            get() = \"Cell(${position.first}, ${position.second})\"\n\n        val board: String = initialBoard.trimMargin()\n    }\n\n    @Test\n    fun testMoves() {\n        testGame(listOf(\n                Move(Pair(1, 1), 2, null, \"\"\"\n            |2 - - -\n            |- - - -\n            |- - - -\n            |- - - -\"\"\"),\n                Move(Pair(1, 4), 2, null, \"\"\"\n            |2 - - 2\n            |- - - -\n            |- - - -\n            |- - - -\"\"\"),\n                Move(Pair(3, 2), 4, RIGHT, \"\"\"\n            |- - - 4\n            |- - - -\n            |- 4 - -\n            |- - - -\"\"\"),\n                Move(Pair(4, 2), 2, UP, \"\"\"\n            |- 4 - 4\n            |- - - -\n            |- - - -\n            |- 2 - -\"\"\"),\n                Move(Pair(2, 2), 2, LEFT, \"\"\"\n            |8 - - -\n            |- 2 - -\n            |- - - -\n            |2 - - -\"\"\"),\n                Move(Pair(4, 4), 2, DOWN, \"\"\"\n            |- - - -\n            |- - - -\n            |8 - - -\n            |2 2 - 2\"\"\"),\n                Move(Pair(3, 3), 2, RIGHT, \"\"\"\n            |- - - -\n            |- - - -\n            |- - 2 8\n            |- - 2 4\"\"\"),\n                Move(Pair(1, 2), 4, DOWN, \"\"\"\n            |- 4 - -\n            |- - - -\n            |- - - 8\n            |- - 4 4\"\"\"),\n                Move(Pair(3, 1), 2, RIGHT, \"\"\"\n            |- - - 4\n            |- - - -\n            |2 - - 8\n            |- - - 8\"\"\"),\n                Move(Pair(3, 3), 2, DOWN, \"\"\"\n            |- - - -\n            |- - - -\n            |- - 2 4\n            |2 - - 16\"\"\"),\n                Move(Pair(2, 3), 2, DOWN, \"\"\"\n            |- - - -\n            |- - 2 -\n            |- - - 4\n            |2 - 2 16\"\"\"),\n                Move(Pair(1, 4), 2, RIGHT, \"\"\"\n            |- - - 2\n            |- - - 2\n            |- - - 4\n            |- - 4 16\"\"\"),\n                Move(Pair(3, 2), 2, LEFT, \"\"\"\n            |2 - - -\n            |2 - - -\n            |4 2 - -\n            |4 16 - -\"\"\"),\n                Move(Pair(1, 3), 2, DOWN, \"\"\"\n            |- - 2 -\n            |- - - -\n            |4 2 - -\n            |8 16 - -\"\"\")\n        ))\n    }\n}",
        "test/games/game2048/TestGame2048Helper.kt" : "package games.game2048\n\nimport org.junit.Assert\nimport org.junit.FixMethodOrder\nimport org.junit.Test\nimport org.junit.runners.MethodSorters\n\n@FixMethodOrder(MethodSorters.NAME_ASCENDING)\nclass TestGame2048Helper {\n\n    @Test\n    fun test01SimpleMove1() = testMerge(listOf(null, null, null, \"a\"), listOf(\"a\"))\n\n    @Test\n    fun test02SimpleMove2() = testMerge(listOf(\"b\", null, null, \"a\"), listOf(\"b\", \"a\"))\n\n    @Test\n    fun test03SimpleMove3() = testMerge(listOf(null, \"b\", null, \"a\"), listOf(\"b\", \"a\"))\n\n    @Test\n    fun test04SimpleMerge1() = testMerge(listOf(\"a\", \"a\", null, null), listOf(\"aa\"))\n\n    @Test\n    fun test05SimpleMerge2() = testMerge(listOf(null, \"a\", \"a\", null), listOf(\"aa\"))\n\n    @Test\n    fun test06SimpleMerge3() = testMerge(listOf(null, null, \"a\", \"a\"), listOf(\"aa\"))\n\n    @Test\n    fun test07SimpleMerge4() = testMerge(listOf(\"a\", null, \"a\", null), listOf(\"aa\"))\n\n    @Test\n    fun test08SimpleMerge5() = testMerge(listOf(\"a\", null, null, \"a\"), listOf(\"aa\"))\n\n    @Test\n    fun test09SimpleMerge6() = testMerge(listOf(null, \"a\", null, \"a\"), listOf(\"aa\"))\n\n    @Test\n    fun test10MergeWithExtraElement1() = testMerge(listOf(\"a\", null, \"a\", \"a\"), listOf(\"aa\", \"a\"))\n\n    @Test\n    fun test11MergeWithExtraElement2() = testMerge(listOf(\"a\", null, \"a\", \"b\"), listOf(\"aa\", \"b\"))\n\n    @Test\n    fun test12MergeWithExtraElement3() = testMerge(listOf(\"a\", \"a\", null, \"b\"), listOf(\"aa\", \"b\"))\n\n    @Test\n    fun test13NoMerge1() = testMerge(listOf(\"a\", \"b\", \"a\", null), listOf(\"a\", \"b\", \"a\"))\n\n    @Test\n    fun test14NoMerge2() = testMerge(listOf(\"a\", null, \"b\", \"a\"), listOf(\"a\", \"b\", \"a\"))\n\n    @Test\n    fun test15MergeInFull1() = testMerge(listOf(\"a\", \"a\", \"b\", \"a\"), listOf(\"aa\", \"b\", \"a\"))\n\n    @Test\n    fun test16MergeInFull2() = testMerge(listOf(\"a\", \"a\", \"b\", \"b\"), listOf(\"aa\", \"bb\"))\n\n    @Test\n    fun test17MergeOfThree1() = testMerge(listOf(\"a\", \"a\", \"a\", null), listOf(\"aa\", \"a\"))\n\n    @Test\n    fun test18MergeOfThree2() = testMerge(listOf(\"a\", null, \"a\", \"a\"), listOf(\"aa\", \"a\"))\n\n    private fun testMerge(input: List<String?>, expected: List<String?>) {\n        val result = input.moveAndMergeEqual { it.repeat(2) }\n        Assert.assertEquals(\"Wrong result for $input.moveAndMergeEqual()\",\n                expected, result)\n    }\n}",
        "test/games/game2048/TestGame2048Initializer.kt" : "package games.game2048\n\nimport org.junit.Assert\nimport org.junit.Test\n\nclass TestGame2048Initializer : AbstractTestGameWithSmallNumbers() {\n    private val prefix = \"Testing RandomGame2048Initializer.nextValue():\"\n\n    @Test\n    fun test0() {\n        val board = createBoard(\"4248 2824 8248 2482\")\n        val nextValue = RandomGame2048Initializer.nextValue(board)\n        Assert.assertNull(\"$prefix new elements can't be added to a full board\", nextValue)\n    }\n\n    @Test\n    fun test1() = testNextValue(\"0000 0000 0200 0000\")\n\n    @Test\n    fun test2() = testNextValue(\"2222 0000 0000 0000\")\n\n    @Test\n    fun test3() = testNextValue(\"2000 4000 0200 0008\")\n\n    @Test\n    fun test4() = testNextValue(\"0248 2020 0208 4442\")\n\n    private fun testNextValue(input: String) {\n        val board = createBoard(input)\n        val (cell, value) = RandomGame2048Initializer.nextValue(board)\n                ?: throw AssertionError(\"$prefix Next value should be non-null for $board\")\n        val empty = board.filter { it == null }\n        Assert.assertTrue(\"$prefix a value might be added only to one of the empty cells\", cell in empty)\n        Assert.assertTrue(\"$prefix new element can only be 2 or 4\", value in setOf(2, 4))\n    }\n}",
        "test/games/board/TestGameBoard.kt" : "package games.board\n\nimport board.GameBoard\nimport board.createGameBoard\nimport org.junit.Assert\nimport org.junit.FixMethodOrder\nimport org.junit.Test\nimport org.junit.runners.MethodSorters\n\n@FixMethodOrder(MethodSorters.NAME_ASCENDING)\nclass TestGameBoard {\n    operator fun <T> GameBoard<T>.get(i: Int, j: Int) = get(getCell(i, j))\n    operator fun <T> GameBoard<T>.set(i: Int, j: Int, value: T) = set(getCell(i, j), value)\n\n    @Test\n    fun test01GetAndSetElement() {\n        val gameBoard = createGameBoard<Char>(2)\n        gameBoard[1, 1] = 'a'\n        Assert.assertEquals('a', gameBoard[1, 1])\n    }\n\n    @Test\n    fun test02Filter() {\n        val gameBoard = createGameBoard<Char>(2)\n        gameBoard[1, 1] = 'a'\n        gameBoard[1, 2] = 'b'\n        val cells = gameBoard.filter { it == 'a' }\n        Assert.assertEquals(1, cells.size)\n        val cell = cells.first()\n        Assert.assertEquals(1, cell.i)\n        Assert.assertEquals(1, cell.j)\n    }\n\n    @Test\n    fun test03All() {\n        val gameBoard = createGameBoard<Char>(2)\n        gameBoard[1, 1] = 'a'\n        gameBoard[1, 2] = 'a'\n        Assert.assertFalse(gameBoard.all { it == 'a' })\n        gameBoard[2, 1] = 'a'\n        gameBoard[2, 2] = 'a'\n        Assert.assertTrue(gameBoard.all { it == 'a' })\n    }\n\n    @Test\n    fun test04Any() {\n        val gameBoard = createGameBoard<Char>(2)\n        gameBoard[1, 1] = 'a'\n        gameBoard[1, 2] = 'b'\n        Assert.assertTrue(gameBoard.any { it in 'a'..'b' })\n        Assert.assertTrue(gameBoard.any { it == null })\n    }\n\n    @Test\n    fun test05TheSameCell() {\n        val gameBoard = createGameBoard<Char>(2)\n        gameBoard[1, 1] = 'a'\n        val cell1 = gameBoard.find { it == 'a' }\n        gameBoard[1, 1] = 'b'\n        val cell2 = gameBoard.find { it == 'b' }\n        Assert.assertEquals(cell1, cell2)\n    }\n\n    @Test\n    fun test06FindReturnsTheSameCell() {\n        val gameBoard = createGameBoard<Char>(2)\n        gameBoard[1, 1] = 'a'\n        val first = gameBoard.find { it == 'a' }\n        val second = gameBoard.getCell(1, 1)\n        Assert.assertTrue(\"'find' shouldn't recreate the 'Cell' instances.\\n\" +\n                \"Create only 'width * width' cells; all the functions working with cells\\n\" +\n                \"should return existing cells instead of creating new ones.\",\n                first === second)\n    }\n\n    @Test\n    fun test07FilterTheSameCell() {\n        val gameBoard = createGameBoard<Char>(2)\n        gameBoard[1, 1] = 'a'\n        val cells = gameBoard.filter { it == 'a' }\n        val first = cells.first()\n        val second = gameBoard.getCell(1, 1)\n        Assert.assertTrue(\"'filter' shouldn't recreate the 'Cell' instances.\\n\" +\n                \"Create only 'width * width' cells; all the functions working with cells\\n\" +\n                \"should return existing cells instead of creating new ones.\",\n                first === second)\n    }\n\n    @Test\n    fun test08AllAny() {\n        val gameBoard = createGameBoard<Int>(2)\n        gameBoard[1, 1] = 1\n        gameBoard[1, 2] = 0\n        gameBoard[2, 1] = 2\n        gameBoard[2, 2] = 3\n        testAllAny(gameBoard)\n    }\n\n    @Test\n    fun test09AllAny() {\n        val gameBoard = createGameBoard<Int>(2)\n        gameBoard[1, 1] = 0\n        gameBoard[1, 2] = 0\n        gameBoard[2, 1] = 0\n        gameBoard[2, 2] = 0\n        testAllAny(gameBoard)\n    }\n\n    @Test\n    fun test10AllAny() {\n        val gameBoard = createGameBoard<Int>(2)\n        gameBoard[1, 1] = 1\n        gameBoard[1, 2] = 2\n        gameBoard[2, 1] = 3\n        gameBoard[2, 2] = 4\n        testAllAny(gameBoard)\n    }\n\n    @Test\n    fun test11AllAny() {\n        val gameBoard = createGameBoard<Int>(2)\n        gameBoard[1, 1] = 0\n        gameBoard[1, 2] = 1\n        gameBoard[2, 2] = 1\n        testAllAny(gameBoard)\n    }\n\n    private fun <T> GameBoard<T>.asString() =\n            (1..width).joinToString(\"\\n\") { i ->\n                (1..width).joinToString(\" \") { j ->\n                    \"${get(i, j) ?: \"-\"}\"\n                }\n            }\n\n    private fun testAllAny(gameBoard: GameBoard<Int>) {\n        val allNonZero = gameBoard.all { it != 0 }\n        val anyZero = gameBoard.any { it == 0 }\n        Assert.assertTrue(buildString {\n            appendln(\"'board.all { it != 0 }' should give the same result as '!board.any { it == 0 }' for the board\")\n            appendln(gameBoard.asString())\n        }, allNonZero == !anyZero)\n    }\n}",
        "test/games/gameOfFifteen/TestGameOfFifteen.kt" : "package games.gameOfFifteen\n\nimport board.Direction\nimport board.Direction.*\nimport games.game.Game\nimport org.junit.Assert\nimport org.junit.Test\n\nclass TestGameOfFifteen {\n    private fun Game.asString() =\n            (1..4).joinToString(\"\\n\") { i ->\n                (1..4).joinToString(\" \") { j ->\n                    get(i, j)?.let { \"%2d\".format(it) } ?: \" -\"\n                }\n            }\n\n    class TestGameInitializer(\n            override val initialPermutation: List<Int>\n    ) : GameOfFifteenInitializer\n\n    private fun testGame(initialPermutation: List<Int>, moves: List<Move>) {\n        val game = newGameOfFifteen(TestGameInitializer(initialPermutation))\n        game.initialize()\n\n        for ((index, move) in moves.withIndex()) {\n            if (move.direction == null) continue\n            // checking the state after each move\n            Assert.assertTrue(\"The move for game of fifteen should be always possible\", game.canMove())\n            game.processMove(move.direction)\n            val prev = moves[index - 1].board\n            Assert.assertEquals(\"Wrong result after pressing ${move.direction} \" +\n                    \"for\\n$prev\\n\",\n                    move.board, game.asString())\n        }\n    }\n\n    data class Move(\n            val direction: Direction?,\n            val initialBoard: String\n    ) {\n        val board: String = initialBoard.trimMargin()\n    }\n\n    @Test\n    fun testMoves() {\n        testGame(listOf(3, 6, 13, 15, 7, 5, 8, 4, 14, 11, 12, 1, 10, 9, 2),\n                listOf(\n                        Move(null, \"\"\"\n            | 3  6 13 15\n            | 7  5  8  4\n            |14 11 12  1\n            |10  9  2  -\"\"\"),\n                        Move(RIGHT, \"\"\"\n            | 3  6 13 15\n            | 7  5  8  4\n            |14 11 12  1\n            |10  9  -  2\"\"\"),\n                        Move(DOWN, \"\"\"\n            | 3  6 13 15\n            | 7  5  8  4\n            |14 11  -  1\n            |10  9 12  2\"\"\"),\n                        Move(LEFT, \"\"\"\n            | 3  6 13 15\n            | 7  5  8  4\n            |14 11  1  -\n            |10  9 12  2\"\"\"),\n                        Move(UP, \"\"\"\n            | 3  6 13 15\n            | 7  5  8  4\n            |14 11  1  2\n            |10  9 12  -\"\"\"),\n                        Move(RIGHT, \"\"\"\n            | 3  6 13 15\n            | 7  5  8  4\n            |14 11  1  2\n            |10  9  - 12\"\"\")\n                ))\n    }\n\n    @Test\n    fun testWinning() {\n        val game = newGameOfFifteen(TestGameInitializer(\n                (1..15).toList()))\n        game.initialize()\n        Assert.assertTrue(\"The player should win when the numbers are in order\",\n                game.hasWon())\n    }\n}",
        "test/games/gameOfFifteen/TestGameOfFifteenHelper.kt" : "package games.gameOfFifteen\n\nimport org.junit.Assert\nimport org.junit.Test\n\nclass TestGameOfFifteenHelper {\n    private fun testPermutation(permutation: List<Int>, expected: Boolean) {\n        Assert.assertEquals(\"The following permutation should be ${if (expected) \"even\" else \"odd\"}: $permutation\", expected,\n            isEven(permutation))\n    }\n\n    private fun testPermutation(permutation: String, parity: Boolean) {\n        testPermutation(permutation.map { \"$it\".toInt() }, parity)\n    }\n\n    private fun testEven(shortPermutation: String) = testPermutation(shortPermutation, true)\n    private fun testOdd(shortPermutation: String) = testPermutation(shortPermutation, false)\n\n    private fun testEven(shortPermutation: Int) = testEven(shortPermutation.toString())\n    private fun testOdd(shortPermutation: Int) = testOdd(shortPermutation.toString())\n\n    @Test\n    fun testEven0() = testEven(123)\n\n    @Test\n    fun testEven1() = testEven(1234)\n\n    @Test\n    fun testEven2() = testEven(3124)\n\n    @Test\n    fun testEven3() = testEven(2314)\n\n    @Test\n    fun testEven4() = testEven(2143)\n\n    @Test\n    fun testEven5() = testEven(1423)\n\n    @Test\n    fun testEven6() = testEven(4213)\n\n    @Test\n    fun testEven7() = testEven(1342)\n\n    @Test\n    fun testEven8() = testEven(4132)\n\n    @Test\n    fun testEven9() = testEven(3412)\n\n    @Test\n    fun testEven10() = testEven(3241)\n\n    @Test\n    fun testEven11() = testEven(2431)\n\n    @Test\n    fun testEven12() = testEven(4321)\n\n    @Test\n    fun testEven13() = testEven(\"0123456789\")\n\n    @Test\n    fun testEven14() = testEven(\"4301865279\")\n\n    @Test\n    fun testEven15() = testEven(\"9604572831\")\n\n    @Test\n    fun testEven16() = testEven(\"1320485769\")\n\n    @Test\n    fun testOdd0() = testOdd(132)\n\n    @Test\n    fun testOdd1() = testOdd(2134)\n\n    @Test\n    fun testOdd2() = testOdd(1324)\n\n    @Test\n    fun testOdd3() = testOdd(3214)\n\n    @Test\n    fun testOdd4() = testOdd(1243)\n\n    @Test\n    fun testOdd5() = testOdd(4123)\n\n    @Test\n    fun testOdd6() = testOdd(2413)\n\n    @Test\n    fun testOdd7() = testOdd(3142)\n\n    @Test\n    fun testOdd8() = testOdd(1432)\n\n    @Test\n    fun testOdd9() = testOdd(4312)\n\n    @Test\n    fun testOdd10() = testOdd(2341)\n\n    @Test\n    fun testOdd11() = testOdd(4231)\n\n    @Test\n    fun testOdd12() = testOdd(3421)\n\n    @Test\n    fun testOdd13() = testOdd(\"1234567890\")\n\n    @Test\n    fun testOdd14() = testOdd(\"5782401963\")\n\n    @Test\n    fun testOdd15() = testOdd(\"3592871064\")\n\n    @Test\n    fun testOdd16() = testOdd(\"2045831967\")\n\n    @Test\n    fun testStart() = testPermutation((1..15).toList(), true)\n}",
        "test/games/gameOfFifteen/TestGameOfFifteenInitializer.kt" : "package games.gameOfFifteen\n\nimport org.junit.Assert\nimport org.junit.Test\n\nclass TestGameOfFifteenInitializer {\n    @Test\n    fun testInitialPermutationIsNotTrivial() {\n        val initializer = RandomGameInitializer()\n        Assert.assertNotEquals(\"The initial permutation must not be trivial\",\n            (1..15).toList(), initializer.initialPermutation)\n    }\n\n    @Test\n    fun testInitialPermutationIsEven() {\n        val initializer = RandomGameInitializer()\n        Assert.assertNotEquals(\"The initial permutation must be even\",\n            isEven(initializer.initialPermutation))\n    }\n}",
        "test/games/game2048/TestMoveValues.kt" : "package games.game2048\n\nimport board.Direction\nimport board.Direction.DOWN\nimport board.Direction.RIGHT\nimport org.junit.Assert\nimport org.junit.Test\n\nclass TestMoveValues : AbstractTestGameWithSmallNumbers() {\n    @Test\n    fun testSimpleMove() = testAllDirections(\"---- ---- -2-- ----\", \"---- ---- ---2 ----\")\n\n    @Test\n    fun testNoMove() = testAllDirections(\"---- ---- ---- 2424\", \"---- ---- ---- 2424\", move = false)\n\n    @Test\n    fun testSeveralMoves() = testAllDirections(\"2--- -2-- --2- ---2\", \"---2 ---2 ---2 ---2\")\n\n    @Test\n    fun testMovesInSomeRows() = testAllDirections(\"2--- ---- --2- 2424\", \"---2 ---- ---2 2424\")\n\n    @Test\n    fun testMoveAndMerge() = testAllDirections(\"2-2- -2-2 --2- ---2\", \"---4 ---4 ---2 ---2\")\n\n    @Test\n    fun testMerge() = testAllDirections(\"2-22 2-42 22-2 ----\", \"--24 -242 --24 ----\")\n\n    private fun testAllDirections(inputString: String, expectedString: String, move: Boolean = true) {\n        val input = TestBoard(inputString)\n        val expected = TestBoard(expectedString)\n        testRegularAndReversedDirections(RIGHT, input, expected, move)\n        testRegularAndReversedDirections(DOWN, input.mirror(), expected.mirror(), move)\n    }\n\n    private fun testRegularAndReversedDirections(direction: Direction, input: TestBoard, expected: TestBoard, move: Boolean) {\n        testMove(direction, input, expected, move)\n        testMove(direction.reversed(), input.reversed(), expected.reversed(), move)\n    }\n\n    private fun testMove(direction: Direction, input: TestBoard, expected: TestBoard, expectedMove: Boolean) {\n        val board = createBoard(input)\n        val actualMove = board.moveValues(direction)\n        val result = board.toTestBoard()\n        Assert.assertEquals(\"Incorrect move to $direction.\\n\" +\n                \"Input:\\n$input\\n\", expected, result)\n        Assert.assertEquals(\"The 'moveValues' method returns incorrect result. Direction: $direction.\\n\" +\n                \"Input:\\n$input\\n\", expectedMove, actualMove)\n    }\n}",
        "test/games/game2048/TestMoveValuesInRowOrColumn.kt" : "package games.game2048\n\nimport board.Cell\nimport board.SquareBoard\nimport org.junit.Assert\nimport org.junit.Test\n\nclass TestMoveValuesInRowOrColumn : AbstractTestGameWithSmallNumbers() {\n    private val defaultInput = \"\"\"-2-4 2--- ---- 4---\"\"\"\n\n    @Test\n    fun testRow() = testMoveInRowOrColumn({ it.getRow(1, 1..4) }, \"Row(1, 1..4)\",\n            \"24-- 2--- ---- 4---\")\n\n    @Test\n    fun testRowReversed() = testMoveInRowOrColumn({ it.getRow(1, 4 downTo 1) }, \"Row(1, 4 downTo 1)\",\n            \"--24 2--- ---- 4---\")\n\n\n    @Test\n    fun testColumn() = testMoveInRowOrColumn({ it.getColumn(1..4, 1) }, \"Column(1..4, 1)\",\n            \"22-4 4--- ---- ----\")\n\n    @Test\n    fun testColumnReversed() = testMoveInRowOrColumn({ it.getColumn(4 downTo 1, 1) }, \"Column(4 downTo 1, 1)\",\n            \"-2-4 ---- 2--- 4---\")\n\n    @Test\n    fun testNoMove() = testMoveInRowOrColumn({ it.getRow(1, 1..4) }, \"Row(1, 1..4)\",\n            \"2424 ---- ---- ----\", \"2424 ---- ---- ----\", expectedMove = false)\n\n    private fun testMoveInRowOrColumn(\n            getRowOrColumn: (SquareBoard) -> List<Cell>,\n            rowOrColumnName: String,\n            expected: String,\n            input: String = defaultInput,\n            expectedMove: Boolean = true\n    ) {\n        val inputBoard = TestBoard(input)\n        val board = createBoard(inputBoard)\n        val rowOrColumn = getRowOrColumn(board)\n        val actualMove = board.moveValuesInRowOrColumn(rowOrColumn)\n\n        Assert.assertEquals(\"Incorrect move in $rowOrColumnName.\\nInput:\\n$inputBoard\\n\",\n                TestBoard(expected), board.toTestBoard())\n\n        Assert.assertEquals(\"The 'moveValuesInRowOrColumn' method returns incorrect result for input:\\n$inputBoard\",\n                expectedMove, actualMove)\n    }\n}",
        "test/games/board/TestSquareBoard.kt" : "package games.board\n\nimport board.Cell\nimport board.Direction\nimport board.Direction.*\nimport board.createSquareBoard\nimport org.junit.Assert\nimport org.junit.FixMethodOrder\nimport org.junit.Test\nimport org.junit.runners.MethodSorters\n\n@FixMethodOrder(MethodSorters.NAME_ASCENDING)\nclass TestSquareBoard {\n    @Test\n    fun test00AllCells() {\n        val board = createSquareBoard(2)\n        val cells = board.getAllCells().sortedWith(compareBy<Cell> { it.i }.thenBy { it.j })\n        Assert.assertEquals(\"[(1, 1), (1, 2), (2, 1), (2, 2)]\", cells.toString())\n    }\n\n    @Test\n    fun test01Cell() {\n        val board = createSquareBoard(2)\n        val cell = board.getCellOrNull(1, 2)\n        Assert.assertEquals(1, cell?.i)\n        Assert.assertEquals(2, cell?.j)\n    }\n\n    @Test\n    fun test02NoCell() {\n        val board = createSquareBoard(2)\n        val cell = board.getCellOrNull(3, 3)\n        Assert.assertEquals(null, cell)\n    }\n\n    @Test\n    fun test03Row() {\n        val board = createSquareBoard(2)\n        val row = board.getRow(1, 1..2)\n        Assert.assertEquals(\"[(1, 1), (1, 2)]\", row.toString())\n    }\n\n    @Test\n    fun test04RowReversed() {\n        val board = createSquareBoard(2)\n        val row = board.getRow(1, 2 downTo 1)\n        Assert.assertEquals(\"[(1, 2), (1, 1)]\", row.toString())\n    }\n\n    @Test\n    fun test05RowWrongRange() {\n        val board = createSquareBoard(2)\n        val row = board.getRow(1, 1..10)\n        Assert.assertEquals(\"[(1, 1), (1, 2)]\", row.toString())\n    }\n\n    @Test\n    fun test06Neighbour() {\n        val board = createSquareBoard(2)\n        with(board) {\n            val cell = getCellOrNull(1, 1)\n            Assert.assertNotNull(cell)\n            Assert.assertEquals(null, cell!!.getNeighbour(Direction.UP))\n            Assert.assertEquals(null, cell.getNeighbour(Direction.LEFT))\n            Assert.assertEquals(\"(2, 1)\", cell.getNeighbour(Direction.DOWN).toString())\n            Assert.assertEquals(\"(1, 2)\", cell.getNeighbour(Direction.RIGHT).toString())\n        }\n    }\n\n    @Test\n    fun test07AllCells() {\n        val board = createSquareBoard(3)\n        val cells = board.getAllCells().sortedWith(compareBy<Cell> { it.i }.thenBy { it.j })\n        Assert.assertEquals(\"Wrong result for 'getAllCells()' for the board of width 3.\",\n                \"[(1, 1), (1, 2), (1, 3), (2, 1), (2, 2), (2, 3), (3, 1), (3, 2), (3, 3)]\",\n                cells.toString())\n    }\n\n    @Test\n    fun test08Cell() {\n        val board = createSquareBoard(4)\n        val cell = board.getCellOrNull(2, 3)\n        Assert.assertEquals(\"The board of width 4 should contain the cell (2, 3).\",\n                \"(2, 3)\", cell.toString())\n    }\n\n    @Test\n    fun test09NoCell() {\n        val board = createSquareBoard(4)\n        val cell = board.getCellOrNull(10, 10)\n        Assert.assertEquals(\"The board of width 4 should contain the cell (10, 10).\", null, cell)\n    }\n\n    @Test\n    fun test10Row() {\n        val row = createSquareBoard(4).getRow(1, 1..2)\n        Assert.assertEquals(\"Wrong row for 'createSquareBoard(4).getRow(1, 1..2)'.\",\n                \"[(1, 1), (1, 2)]\", row.toString())\n    }\n\n    @Test\n    fun test11Column() {\n        val row = createSquareBoard(4).getColumn(1..2, 3)\n        Assert.assertEquals(\"Wrong column for 'createSquareBoard(4).getColumn(1..2, 3)'.\",\n                \"[(1, 3), (2, 3)]\", row.toString())\n    }\n\n    @Test\n    fun test12RowReversedRange() {\n        val row = createSquareBoard(4).getRow(1, 4 downTo 1)\n        Assert.assertEquals(\"Wrong column for 'createSquareBoard(4).getRow(1, 4 downTo 1)'.\",\n                \"[(1, 4), (1, 3), (1, 2), (1, 1)]\", row.toString())\n    }\n\n    @Test\n    fun test13ColumnReversedRange() {\n        val row = createSquareBoard(4).getColumn(2 downTo 1, 3)\n        Assert.assertEquals(\"Wrong column for 'createSquareBoard(4).getColumn(2 downTo 1, 3)'.\",\n                \"[(2, 3), (1, 3)]\", row.toString())\n    }\n\n    @Test\n    fun test14ColumnWrongRange() {\n        val row = createSquareBoard(4).getColumn(3..6, 2)\n        Assert.assertEquals(\"Wrong column for 'createSquareBoard(4).getColumn(3..6, 2)'.\",\n                \"[(3, 2), (4, 2)]\", row.toString())\n    }\n\n    private fun neighbourMessage(cell: Cell, direction: Direction) =\n            \"Wrong neighbour for the cell $cell in a direction $direction.\"\n\n    @Test\n    fun test15Neighbour() {\n        with(createSquareBoard(4)) {\n            val cell = getCellOrNull(2, 3)\n            Assert.assertNotNull(\"The board of width 4 should contain the cell (2, 3).\", cell)\n            Assert.assertEquals(neighbourMessage(cell!!, UP), \"(1, 3)\", cell.getNeighbour(UP).toString())\n            Assert.assertEquals(neighbourMessage(cell, DOWN), \"(3, 3)\", cell.getNeighbour(DOWN).toString())\n            Assert.assertEquals(neighbourMessage(cell, LEFT), \"(2, 2)\", cell.getNeighbour(LEFT).toString())\n            Assert.assertEquals(neighbourMessage(cell, RIGHT), \"(2, 4)\", cell.getNeighbour(RIGHT).toString())\n        }\n    }\n\n    @Test\n    fun test16NullableNeighbour() {\n        with(createSquareBoard(4)) {\n            val cell = getCellOrNull(4, 4)\n            Assert.assertNotNull(\"The board of width 4 should contain the cell (4, 4).\", cell)\n            Assert.assertEquals(neighbourMessage(cell!!, UP), \"(3, 4)\", cell.getNeighbour(UP).toString())\n            Assert.assertEquals(neighbourMessage(cell, LEFT), \"(4, 3)\", cell.getNeighbour(LEFT).toString())\n            Assert.assertEquals(neighbourMessage(cell, DOWN), null, cell.getNeighbour(DOWN))\n            Assert.assertEquals(neighbourMessage(cell, RIGHT), null, cell.getNeighbour(RIGHT))\n        }\n    }\n\n    @Test\n    fun test17TheSameCell() {\n        val board = createSquareBoard(4)\n        val first = board.getCell(1, 2)\n        val second = board.getCellOrNull(1, 2)\n        Assert.assertTrue(\"'getCell' and 'getCellOrNull' should return the same 'Cell' instances.\\n\" +\n                \"Create only 'width * width' cells; all the functions working with cells \" +\n                \"should return existing cells instead of creating new ones.\",\n                first === second)\n    }\n\n    @Test\n    fun test18TheSameCell() {\n        val board = createSquareBoard(1)\n        val first = board.getAllCells().first()\n        val second = board.getCell(1, 1)\n        Assert.assertTrue(\"'getAllCells' and 'getCell' should return the same 'Cell' instances.\\n\" +\n                \"Create only 'width * width' cells; all the functions working with cells \" +\n                \"should return existing cells instead of creating new ones.\",\n                first === second)\n    }\n\n    @Test\n    fun test19TheSameCell() {\n        val board = createSquareBoard(4)\n        val cell = board.getCell(1, 1)\n        val first = board.run { cell.getNeighbour(RIGHT) }\n        val second = board.getCell(1, 2)\n        Assert.assertTrue(\"'getNeighbour' shouldn't recreate the 'Cell' instance.\\n\" +\n                \"Create only 'width * width' cells; all the functions working with cells \" +\n                \"should return existing cells instead of creating new ones.\",\n                first === second)\n    }\n\n    @Test\n    fun test20TheSameCell() {\n        val board = createSquareBoard(2)\n        val row = board.getRow(1, 1..1)\n        val first = row[0]\n        val second = board.getCell(1, 1)\n        Assert.assertTrue(\"'getRow' shouldn't recreate the 'Cell' instances.\\n\" +\n                \"Create only 'width * width' cells; all the functions working with cells \" +\n                \"should return existing cells instead of creating new ones.\",\n                first === second)\n    }\n\n    @Test\n    fun test21TheSameCell() {\n        val board = createSquareBoard(2)\n        val column = board.getColumn(1..1, 2)\n        val first = column[0]\n        val second = board.getCell(1, 2)\n        Assert.assertTrue(\"'getColumn' shouldn't recreate the 'Cell' instances.\\n\" +\n                \"Create only 'width * width' cells; all the functions working with cells \" +\n                \"should return existing cells instead of creating new ones.\",\n                first === second)\n    }\n}\n"
      },
      "description_text" : "## Game\n\nThe goal of this assignment is to implement two games: \n[Game 2048](https://en.wikipedia.org/wiki/2048_(video_game)) and\n[Game of Fifteen](https://en.wikipedia.org/wiki/15_puzzle).\n\nThe games are partly implemented already, so your task is to finish the\nimplementation by following the step by step guide and doing\nsmall tasks on the way.\nYou need to reuse your implementation of the `GameBoard` interface from\nthe previous task.\n\nAfter finishing the game you can play it yourself by running `main` function\nin <a href=\"psi_element://PlayGame2048.kt\">ui/PlayGame2048</a> or\n<a href=\"psi_element://PlayGameOfFifteen.kt\">ui/PlayGame2048</a>.\n\n### Game 2048\n\nIf you're unfamiliar with Game 2048, you can first spend some time playing it\n[online](http://2048game.com/). Just don't forget about the assignment itself!\n\nInitially, you see two numbers on the board (each one might be 2 or 4). \nThe numbers can be moved to any of the four directions: up, down,\nright or left. On each move, the neighboring numbers of the same value are\nmerged producing a new doubled number. After the move, a new element of\nthe value 2 or 4 is added to a random free cell.\nNote that only the numbers which are equal to the power of 2 can be present\non the board.\nIf the board is full, the game is over.\nThe goal is to get 2048.\n \n* Implement the functionality that moves the content in \none row or column: removes empty cells and merges identical elements.\nTo get you familiar with lambdas and generics, this functionality is\ndeclared as a generic function that accepts as argument, a method to merge two equal elements.  \nSource: <a href=\"psi_element://Game2048Helper.kt\">Game2048Helper.kt</a>; \ntests: <a href=\"psi_element://games.game2048.TestGame2048Helper\">TestGame2048Helper.kt</a>.\n \n* Specify how the new element should be added.\nBy the rules of the game 2048, the new cell with the value 2 or 4 \n(the latter in 10% of the cases) is added to a random empty cell.  \nSource: <a href=\"psi_element://Game2048Initializer.kt\">Game2048Initializer.kt</a>; \ntests: <a href=\"psi_element://games.game2048.TestGame2048Initializer\">TestGame2048Initializer.kt</a>. \n\n* You can find the main game process in the <a href=\"psi_element://games.game2048.Game2048\">Game2048</a> class.\nImplement the utility function `addNewValue` that adds a new value to \na random free cell. The `initializer` parameter returns both a value and a cell\nthat the new value should be added to.  \nSource: <a href=\"psi_element://Game2048.kt\">Game2048.kt</a>; \ntests: <a href=\"psi_element://games.game2048.TestAddingValue\">TestAddingValue.kt</a>. \n\n* Implement the utility function `moveValuesInRowOrColumn`, which \nupdates the map contents by moving the elements only in one row or column.  \nSource: <a href=\"psi_element://Game2048.kt\">Game2048.kt</a>;\ntests: <a href=\"psi_element://games.game2048.TestMoveValuesInRowOrColumn\">TestMoveValuesInRowOrColumn.kt</a>.\n\n* Implement the remaining function `moveValues`, which moves all the elements\nin a board to a given direction following the rule games.  \nSource: <a href=\"psi_element://Game2048.kt\">Game2048.kt</a>;\ntests:  <a href=\"psi_element://games.game2048.TestMoveValues\">TestMoveValues.kt</a>. \n\n### Game of Fifteen\n\nThe board for the game of Fifteen is filled randomly with numbers from 1 to 15 and\none empty space. You can move the neighboring value to the empty space.\nThe goal is to get the sorted sequence from 1 to 15.\n\nYou can check the Game of Fifteen online \n[here](http://migo.sixbit.org/puzzles/fifteen/).\nNote that in the implementation for this assignment, the values are moved\nby arrows rather than mouse clicks.\n\n* Game of Fifteen is solvable only if the initial permutation of numbers\nis [even](https://en.wikipedia.org/wiki/Parity_of_a_permutation).\nFirst, implement the function `isEven` declared in \n<a href=\"psi_element://GameOfFifteenHelper.kt\">GameOfFifteenHelper.kt</a>\nchecking whether a permutation is even or odd.\nSource: <a href=\"psi_element://GameOfFifteenHelper.kt\">GameOfFifteenHelper.kt</a>;\ntests:  <a href=\"psi_element://games.gameOfFifteen.TestGameOfFifteenHelper\">TestGameOfFifteenHelper.kt</a>. \n\nYou can use the following algorithm to check the given permutation.\nLet `P` is a permutation function on a range of numbers `1..n`.\nFor a pair `(i, j)` of elements such that `i < j` , if `P(i) > P(j)`,\nthen the permutation is said to invert the order of `(i, j)`.\nThe number of such inverted pairs is the _parity_ of the permutation.\nIf permutation inverts even number of such pairs, it is an even permutation; else\nit is an odd permutation.\n\n* Use the `isEven` function to produce only solvable permutations as initial\npermutations.\nSource: <a href=\"psi_element://GameOfFifteenInitializer.kt\">GameOfFifteenInitializer.kt</a>;\ntests:  <a href=\"psi_element://games.gameOfFifteen.TestGameOfFifteenInitializer\">TestGameOfFifteenInitializer.kt</a>.\n\n* Implement the `GameOfFifteen` class from scratch describing the game process.\nIt should implement the `Game` interface and make use of `initializer` argument.\nNote that this argument is used in tests to provide a different initial permutation.\nSource: <a href=\"psi_element://GameOfFifteen.kt\">GameOfFifteen.kt</a>;\ntests:  <a href=\"psi_element://games.gameOfFifteen.TestGameOfFifteen\">TestGameOfFifteen.kt</a>.\n",
      "description_format" : "md",
      "additional_files" : {
        "partId" : {
          "text" : "fVVXo",
          "is_visible" : false
        },
        "assignmentKey" : {
          "text" : "ufQQSL2qEeioYgpHPBWO4A",
          "is_visible" : false
        }
      },
      "task_type" : "edu",
      "feedback_link" : {
        "link_type" : "CUSTOM",
        "link" : "https://www.coursera.org/learn/kotlin-for-java-developers/programming/NSid0/game-2048-game-of-fifteen/discussions"
      }
    } ],
    "type" : "lesson"
  }, {
    "id" : 0,
    "title" : "Edu additional materials",
    "unit_id" : 0,
    "task_list" : [ {
      "name" : "Edu additional materials",
      "stepic_id" : 0,
      "task_files" : { },
      "test_files" : { },
      "additional_files" : {
        "build.gradle" : {
          "text" : "buildscript {\n    ext.kotlin_version = '1.3.11'\n\n    repositories {\n        mavenCentral()\n    }\n\n    dependencies {\n        classpath \"org.jetbrains.kotlin:kotlin-gradle-plugin:$kotlin_version\"\n    }\n}\n\ndef printOutput(def output) {\n    return tasks.create(\"printOutput\") {\n        for (line in output.toString().readLines()) {\n            println \"#educational_plugin\" + line\n        }\n    }\n}\n\nsubprojects {\n    apply plugin: 'application'\n    apply plugin: 'java'\n    apply plugin: 'kotlin'\n\n    sourceCompatibility = 1.8\n\n    repositories {\n        mavenCentral()\n    }\n\n    dependencies {\n        compile \"org.jetbrains.kotlin:kotlin-stdlib-jdk8:$kotlin_version\"\n        testCompile group: 'junit', name: 'junit', version: '4.12'\n    }\n\n    compileKotlin.destinationDir = compileJava.destinationDir\n\n    compileKotlin {\n        kotlinOptions.jvmTarget = \"1.8\"\n    }\n    compileTestKotlin {\n        kotlinOptions.jvmTarget = \"1.8\"\n    }\n\n    sourceSets {\n        main {\n            kotlin.srcDir 'src'\n            java.srcDir 'src'\n        }\n        test {\n            kotlin.srcDir 'test'\n            java.srcDir 'test'\n        }\n    }\n\n    mainClassName = project.hasProperty(\"mainClass\") ? project.getProperty(\"mainClass\") : \"\"\n\n    test {\n        outputs.upToDateWhen { false }\n        afterTest { TestDescriptor test, TestResult result ->\n            if (result.resultType == TestResult.ResultType.FAILURE) {\n                def message = result.exception?.message ?: \"Wrong answer\"\n                def lines = message.readLines()\n                println \"#educational_plugin FAILED + \" + lines[0]\n                lines[1..-1].forEach { line ->\n                    println \"#educational_plugin\" + line\n                }\n                // we need this to separate output of different tests\n                println\n            }\n        }\n    }\n\n    def runOutput = new ByteArrayOutputStream()\n    tasks.run.setStandardOutput(runOutput)\n    tasks.run.doLast { printOutput(runOutput) }\n}\n\nproject(':util') {\n    dependencies {\n        compile group: 'junit', name: 'junit', version: '4.12'\n    }\n}\n\nconfigure(subprojects.findAll {it.name != 'util'}) {\n    dependencies {\n        compile project(':util').sourceSets.main.output\n        testCompile project(':util').sourceSets.test.output\n    }\n}\n\ntask wrapper(type: Wrapper) {\n    gradleVersion = '4.8'\n}\n",
          "is_visible" : false
        }
      },
      "task_type" : "edu",
      "feedback_link" : {
        "link_type" : "STEPIK"
      }
    } ],
    "type" : "lesson"
  } ],
  "version" : 7
}