{
  "summary" : "Assignment for Week 2 of the Coursera <a href=\"https://www.coursera.org/learn/kotlin-for-java-developers/\">Kotlin for Java Developers</a> course",
  "title" : "Kotlin for Java Developers. Week 2",
  "programming_language" : "kotlin",
  "language" : "en",
  "course_type" : "Coursera",
  "items" : [ {
    "id" : 0,
    "title" : "Mastermind",
    "unit_id" : 0,
    "task_list" : [ {
      "name" : "Task",
      "stepic_id" : 0,
      "task_files" : {
        "src/mastermind/evaluateGuess.kt" : {
          "name" : "src/mastermind/evaluateGuess.kt",
          "text" : "package mastermind\n\ndata class Evaluation(val rightPosition: Int, val wrongPosition: Int)\n\nfun evaluateGuess(secret: String, guess: String): Evaluation {\n    TODO()\n}\n",
          "placeholders" : [ {
            "offset" : 158,
            "length" : 6,
            "hints" : [ ],
            "placeholder_text" : "TODO()"
          } ]
        },
        "src/mastermind/playMastermind.kt" : {
          "name" : "src/mastermind/playMastermind.kt",
          "text" : "package mastermind\n\nimport kotlin.random.Random\n\nval ALPHABET = 'A'..'F'\nconst val CODE_LENGTH = 4\n\nfun main() {\n    val differentLetters = false\n    playMastermind(differentLetters)\n}\n\nfun playMastermind(\n        differentLetters: Boolean,\n        secret: String = generateSecret(differentLetters)\n) {\n    var evaluation: Evaluation\n\n    do {\n        print(\"Your guess: \")\n        var guess = readLine()!!\n        while (hasErrorsInInput(guess)) {\n            println(\"Incorrect input: $guess. \" +\n                    \"It should consist of $CODE_LENGTH characters from $ALPHABET. \" +\n                    \"Please try again.\")\n            guess = readLine()!!\n        }\n        evaluation = evaluateGuess(secret, guess)\n        if (evaluation.isComplete()) {\n            println(\"The guess is correct!\")\n        } else {\n            println(\"Right positions: ${evaluation.rightPosition}; \" +\n                    \"wrong positions: ${evaluation.wrongPosition}.\")\n        }\n\n    } while (!evaluation.isComplete())\n}\n\nfun Evaluation.isComplete(): Boolean = rightPosition == CODE_LENGTH\n\nfun hasErrorsInInput(guess: String): Boolean {\n    val possibleLetters = ALPHABET.toSet()\n    return guess.length != CODE_LENGTH || guess.any { it !in possibleLetters }\n}\n\nfun generateSecret(differentLetters: Boolean): String {\n    val chars = ALPHABET.toMutableList()\n    return buildString {\n        for (i in 1..CODE_LENGTH) {\n            val letter = chars[Random.nextInt(chars.size)]\n            append(letter)\n            if (differentLetters) {\n                chars.remove(letter)\n            }\n        }\n    }\n}\n",
          "placeholders" : [ ]
        },
        "test/mastermind/MastermindTestUtil.kt" : {
          "name" : "test/mastermind/MastermindTestUtil.kt",
          "text" : "package mastermind\n\nimport org.junit.Assert\n\ninternal fun testEvaluation(first: String, second: String, positions: Int, letters: Int) {\n    val evaluation = Evaluation(positions, letters)\n    testEvaluationOneWay(secret = first, guess = second, expected = evaluation)\n    testEvaluationOneWay(guess = second, secret = first, expected = evaluation)\n}\n\ninternal fun testEvaluationOneWay(secret: String, guess: String, expected: Evaluation) {\n    val evaluation = evaluateGuess(secret, guess)\n    Assert.assertEquals(\"Wrong evaluation for secret=$secret, guess=$guess\",\n            expected, evaluation)\n}\n",
          "placeholders" : [ ]
        },
        "test/mastermind/TestMastermindDifferentLetters.kt" : {
          "name" : "test/mastermind/TestMastermindDifferentLetters.kt",
          "text" : "package mastermind\n\nimport org.junit.FixMethodOrder\nimport org.junit.Test\nimport org.junit.runners.MethodSorters\n\n@FixMethodOrder(MethodSorters.NAME_ASCENDING)\nclass TestMastermindDifferentLetters {\n\n    @Test\n    fun test01SampleEqual() = testEvaluation(\"ABCD\", \"ABCD\", 4, 0)\n\n    @Test\n    fun test02SampleOnlyWrongPositions() = testEvaluation(\"ABCD\", \"CDBA\", 0, 4)\n\n    @Test\n    fun test03SampleSwap() = testEvaluation(\"ABCD\", \"ABDC\", 2, 2)\n\n    @Test\n    fun test04RightPositions() = testEvaluation(\"ABCD\", \"ABCF\", 3, 0)\n\n    @Test\n    fun test05WrongPositions() = testEvaluation(\"DAEF\", \"FECA\", 0, 3)\n\n    @Test\n    fun test06BothRightAndWrong() = testEvaluation(\"ACEB\", \"BCDF\", 1, 1)\n\n    @Test\n    fun test07() = testEvaluation(\"FBAE\", \"ABCD\", 1, 1)\n\n    @Test\n    fun test08() = testEvaluation(\"FBAE\", \"AFDC\", 0, 2)\n\n    @Test\n    fun test09() = testEvaluation(\"FBAE\", \"CBAE\", 3, 0)\n\n    @Test\n    fun test10() = testEvaluation(\"FBAE\", \"CBFE\", 2, 1)\n\n    @Test\n    fun test11() = testEvaluation(\"FBAE\", \"FBAE\", 4, 0)\n\n    @Test\n    fun test12() = testEvaluation(\"EBAC\", \"ABCD\", 1, 2)\n\n    @Test\n    fun test13() = testEvaluation(\"EBAC\", \"AFCB\", 0, 3)\n\n    @Test\n    fun test14() = testEvaluation(\"EBAC\", \"CBDF\", 1, 1)\n\n    @Test\n    fun test15() = testEvaluation(\"EBAC\", \"EBAC\", 4, 0)\n}\n",
          "placeholders" : [ ]
        },
        "test/mastermind/TestMastermindRepeatedLetters.kt" : {
          "name" : "test/mastermind/TestMastermindRepeatedLetters.kt",
          "text" : "package mastermind\n\nimport org.junit.FixMethodOrder\nimport org.junit.Test\nimport org.junit.runners.MethodSorters\n\n@FixMethodOrder(MethodSorters.NAME_ASCENDING)\nclass TestMastermindRepeatedLetters {\n\n    @Test\n    fun test01Sample() = testEvaluation(\"AABC\", \"ADFE\", 1, 0)\n\n    @Test\n    fun test02Sample() = testEvaluation(\"AABC\", \"ADFA\", 1, 1)\n\n    @Test\n    fun test03Sample() = testEvaluation(\"AABC\", \"DFAA\", 0, 2)\n\n    @Test\n    fun test04Sample() = testEvaluation(\"AABC\", \"DEFA\", 0, 1)\n\n    @Test\n    fun test05() = testEvaluation(\"ABCD\", \"EAAA\", 0, 1)\n\n    @Test\n    fun test06() = testEvaluation(\"AABC\", \"ADFA\", 1, 1)\n\n    @Test\n    fun test07() = testEvaluation(\"AABC\", \"DEFA\", 0, 1)\n\n    @Test\n    fun test08() = testEvaluation(\"EDEB\", \"CBFE\", 0, 2)\n\n    @Test\n    fun test09() = testEvaluation(\"CFDF\", \"FCCD\", 0, 3)\n\n    @Test\n    fun test10() = testEvaluation(\"AABC\", \"AEFD\", 1, 0)\n\n    @Test\n    fun test11() = testEvaluation(\"DCFC\", \"ABEC\", 1, 0)\n\n    @Test\n    fun test12() = testEvaluation(\"FDCD\", \"FBAD\", 2, 0)\n\n    @Test\n    fun test13() = testEvaluation(\"DEFA\", \"AABC\", 0, 1)\n\n    @Test\n    fun test14() = testEvaluation(\"DAAE\", \"AABC\", 1, 1)\n\n    @Test\n    fun test15() = testEvaluation(\"BBDC\", \"DFBB\", 0, 3)\n\n    @Test\n    fun test16() = testEvaluation(\"DBFF\", \"FFDD\", 0, 3)\n\n    @Test\n    fun test17() = testEvaluation(\"BDAD\", \"AAAE\", 1, 0)\n\n    @Test\n    fun test18() = testEvaluation(\"FDDB\", \"CABB\", 1, 0)\n\n    @Test\n    fun test19() = testEvaluation(\"BDBC\", \"DDFC\", 2, 0)\n\n    @Test\n    fun test20() = testEvaluation(\"ECDE\", \"CEEE\", 1, 2)\n\n    @Test\n    fun test21() = testEvaluation(\"AAAF\", \"ABCA\", 1, 1)\n\n    @Test\n    fun test22() = testEvaluation(\"BCDA\", \"AFEA\", 1, 0)\n\n    @Test\n    fun test23() = testEvaluation(\"EEEE\", \"AFEA\", 1, 0)\n\n    @Test\n    fun test24() = testEvaluation(\"EEBE\", \"AFEA\", 0, 1)\n\n    @Test\n    fun test25() = testEvaluation(\"EEAD\", \"EEEE\", 2, 0)\n\n    @Test\n    fun test26() = testEvaluation(\"BACD\", \"EAFF\", 1, 0)\n}\n",
          "placeholders" : [ ]
        }
      },
      "test_files" : {
        "test/mastermind/MastermindTestUtil.kt" : "package mastermind\n\nimport org.junit.Assert\n\ninternal fun testEvaluation(first: String, second: String, positions: Int, letters: Int) {\n    val evaluation = Evaluation(positions, letters)\n    testEvaluationOneWay(secret = first, guess = second, expected = evaluation)\n    testEvaluationOneWay(guess = second, secret = first, expected = evaluation)\n}\n\ninternal fun testEvaluationOneWay(secret: String, guess: String, expected: Evaluation) {\n    val evaluation = evaluateGuess(secret, guess)\n    Assert.assertEquals(\"Wrong evaluation for secret=$secret, guess=$guess\",\n            expected, evaluation)\n}\n",
        "test/mastermind/TestMastermindDifferentLetters.kt" : "package mastermind\n\nimport org.junit.FixMethodOrder\nimport org.junit.Test\nimport org.junit.runners.MethodSorters\n\n@FixMethodOrder(MethodSorters.NAME_ASCENDING)\nclass TestMastermindDifferentLetters {\n\n    @Test\n    fun test01SampleEqual() = testEvaluation(\"ABCD\", \"ABCD\", 4, 0)\n\n    @Test\n    fun test02SampleOnlyWrongPositions() = testEvaluation(\"ABCD\", \"CDBA\", 0, 4)\n\n    @Test\n    fun test03SampleSwap() = testEvaluation(\"ABCD\", \"ABDC\", 2, 2)\n\n    @Test\n    fun test04RightPositions() = testEvaluation(\"ABCD\", \"ABCF\", 3, 0)\n\n    @Test\n    fun test05WrongPositions() = testEvaluation(\"DAEF\", \"FECA\", 0, 3)\n\n    @Test\n    fun test06BothRightAndWrong() = testEvaluation(\"ACEB\", \"BCDF\", 1, 1)\n\n    @Test\n    fun test07() = testEvaluation(\"FBAE\", \"ABCD\", 1, 1)\n\n    @Test\n    fun test08() = testEvaluation(\"FBAE\", \"AFDC\", 0, 2)\n\n    @Test\n    fun test09() = testEvaluation(\"FBAE\", \"CBAE\", 3, 0)\n\n    @Test\n    fun test10() = testEvaluation(\"FBAE\", \"CBFE\", 2, 1)\n\n    @Test\n    fun test11() = testEvaluation(\"FBAE\", \"FBAE\", 4, 0)\n\n    @Test\n    fun test12() = testEvaluation(\"EBAC\", \"ABCD\", 1, 2)\n\n    @Test\n    fun test13() = testEvaluation(\"EBAC\", \"AFCB\", 0, 3)\n\n    @Test\n    fun test14() = testEvaluation(\"EBAC\", \"CBDF\", 1, 1)\n\n    @Test\n    fun test15() = testEvaluation(\"EBAC\", \"EBAC\", 4, 0)\n}\n",
        "test/mastermind/TestMastermindRepeatedLetters.kt" : "package mastermind\n\nimport org.junit.FixMethodOrder\nimport org.junit.Test\nimport org.junit.runners.MethodSorters\n\n@FixMethodOrder(MethodSorters.NAME_ASCENDING)\nclass TestMastermindRepeatedLetters {\n\n    @Test\n    fun test01Sample() = testEvaluation(\"AABC\", \"ADFE\", 1, 0)\n\n    @Test\n    fun test02Sample() = testEvaluation(\"AABC\", \"ADFA\", 1, 1)\n\n    @Test\n    fun test03Sample() = testEvaluation(\"AABC\", \"DFAA\", 0, 2)\n\n    @Test\n    fun test04Sample() = testEvaluation(\"AABC\", \"DEFA\", 0, 1)\n\n    @Test\n    fun test05() = testEvaluation(\"ABCD\", \"EAAA\", 0, 1)\n\n    @Test\n    fun test06() = testEvaluation(\"AABC\", \"ADFA\", 1, 1)\n\n    @Test\n    fun test07() = testEvaluation(\"AABC\", \"DEFA\", 0, 1)\n\n    @Test\n    fun test08() = testEvaluation(\"EDEB\", \"CBFE\", 0, 2)\n\n    @Test\n    fun test09() = testEvaluation(\"CFDF\", \"FCCD\", 0, 3)\n\n    @Test\n    fun test10() = testEvaluation(\"AABC\", \"AEFD\", 1, 0)\n\n    @Test\n    fun test11() = testEvaluation(\"DCFC\", \"ABEC\", 1, 0)\n\n    @Test\n    fun test12() = testEvaluation(\"FDCD\", \"FBAD\", 2, 0)\n\n    @Test\n    fun test13() = testEvaluation(\"DEFA\", \"AABC\", 0, 1)\n\n    @Test\n    fun test14() = testEvaluation(\"DAAE\", \"AABC\", 1, 1)\n\n    @Test\n    fun test15() = testEvaluation(\"BBDC\", \"DFBB\", 0, 3)\n\n    @Test\n    fun test16() = testEvaluation(\"DBFF\", \"FFDD\", 0, 3)\n\n    @Test\n    fun test17() = testEvaluation(\"BDAD\", \"AAAE\", 1, 0)\n\n    @Test\n    fun test18() = testEvaluation(\"FDDB\", \"CABB\", 1, 0)\n\n    @Test\n    fun test19() = testEvaluation(\"BDBC\", \"DDFC\", 2, 0)\n\n    @Test\n    fun test20() = testEvaluation(\"ECDE\", \"CEEE\", 1, 2)\n\n    @Test\n    fun test21() = testEvaluation(\"AAAF\", \"ABCA\", 1, 1)\n\n    @Test\n    fun test22() = testEvaluation(\"BCDA\", \"AFEA\", 1, 0)\n\n    @Test\n    fun test23() = testEvaluation(\"EEEE\", \"AFEA\", 1, 0)\n\n    @Test\n    fun test24() = testEvaluation(\"EEBE\", \"AFEA\", 0, 1)\n\n    @Test\n    fun test25() = testEvaluation(\"EEAD\", \"EEEE\", 2, 0)\n\n    @Test\n    fun test26() = testEvaluation(\"BACD\", \"EAFF\", 1, 0)\n}\n"
      },
      "description_text" : "## Mastermind game\n\n[Mastermind](https://en.wikipedia.org/wiki/Mastermind_(board_game)) is a board game for two players. \nThe first player invents a code and the second player tries to guess this code.\nA code is made up 4 coloured pins and their position.\nThere are 6 colours to choose from and the same colour can be repeated multiple times. \n\nExamples of different codes:\n\n* Red Green Blue Yellow\n* Red Green Yellow Blue\n* Black White Red Orange\n* Red Red Blue White\n\n(note that while the first two codes use the same colours, they are different as Blue and Yellow occupy different positions)\n\nThe game play is as follows:\n\nThe second player (the one that is guessing) sets out a series of pins in order to guess the code.\nThe first player (that defined the code) then provides some feedback to the player in light of how close they are to the correct combination. \n\nThe feedback is as follows:\n\n- Number of pins that are both the right colour and position\n- Number of pins that are correct in colour but in the wrong position\n\nNote that the rest pins in the code will pins that are neither correct in colour or position.\n\nYour task is to evaluate a guess made by player two of the code set by player one.\nFor the sake of simplicity, we use  uppercase letters from A to F instead of colours.\n\nYou can test your solution and play as a second player using `playMastermind`.\n\n### Different Letters\n\n#### Example 1\n\nSecret `ABCD` and guess `ABCD` must be evaluated to: `rightPosition = 4, wrongPosition = 0`.\nAll letters are guessed correctly in respect to their positions.\n\n#### Example 2\n\nSecret `ABCD` and guess `CDBA` must be evaluated to: `rightPosition = 0, wrongPosition = 4`.\nAll letters are guessed correctly, but none has the right position.\n\n#### Example 3\n\nSecret `ABCD` and guess `ABDC` must be evaluated to: `rightPosition = 2, wrongPosition = 2`.\n`A` and `B` letters and their positions are guessed correctly.\n`C` and `D` letters are guessed correctly, but their positions are wrong.\n\nAt first, you can implement this easier task, when all the letters are different,\nand only after that start with the next part, when letters can be repeated.\nRun `MastermindTestDifferentLetters` to make sure you've implemented this part correctly.  \n\n### Repeated Letters\n\n#### Example 4\n\nSecret `AABC` and guess `ADFE` must be evaluated to: `rightPosition = 1, wrongPosition = 0`.\n`A` at the first position is guessed correctly with its position.\nIf we remove the first `A` from consideration (comparing the remaining `ABC` and\n`DFE` only), that will give us no more common letters or positions.\n\n#### Example 5\n\nSecret `AABC` and guess `ADFA` must be evaluated to: `rightPosition = 1, wrongPosition = 1`.\nThe first `A` letter is guessed correctly with its position. If we remove this letter from consideration\n(comparing the remaining `ABC` and `DFA`), we find the second `A` letter which is guessed correctly\nbut stays at the wrong position.\n\n#### Example 6\n\nSecret `AABC` and guess `DFAA` must be evaluated to: `rightPosition = 0, wrongPosition = 2`.\nNo letters are guessed correctly concerning their positions. \nWhen we compare the letters without positions, `A` is guessed correctly.\nSince `A` is present twice in both guess and secret, it must be counted two times.\n\n#### Example 7\n\nSecret `AABC` and guess `DEFA` must be evaluated to: `rightPosition = 0, wrongPosition = 1`.\nThe letter `A` occurs only once in the second string, that's why it counted only once as staying at the wrong position.\n\nAfter implementing the task for repeated letters, run `MastermindTestDifferentLetters` to make sure \nit works correctly.",
      "description_format" : "md",
      "additional_files" : {
        "partId" : {
          "text" : "GWATl",
          "is_visible" : false
        },
        "assignmentKey" : {
          "text" : "qF70Z5yXEeiogBK51jO1Gg",
          "is_visible" : false
        }
      },
      "task_type" : "edu",
      "feedback_link" : {
        "link_type" : "CUSTOM",
        "link" : "https://www.coursera.org/learn/kotlin-for-java-developers/programming/vmwVT/mastermind-game/discussions"
      }
    } ],
    "type" : "lesson"
  }, {
    "id" : 0,
    "title" : "Edu additional materials",
    "unit_id" : 0,
    "task_list" : [ {
      "name" : "Edu additional materials",
      "stepic_id" : 0,
      "task_files" : { },
      "test_files" : { },
      "additional_files" : {
        "build.gradle" : {
          "text" : "buildscript {\n    ext.kotlin_version = '1.3.72'\n\n    repositories {\n        mavenCentral()\n    }\n\n    dependencies {\n        classpath \"org.jetbrains.kotlin:kotlin-gradle-plugin:$kotlin_version\"\n    }\n}\n\ndef printOutput(def output) {\n    return tasks.create(\"printOutput\") {\n        for (line in output.toString().readLines()) {\n            println \"#educational_plugin\" + line\n        }\n    }\n}\n\nsubprojects {\n    apply plugin: 'application'\n    apply plugin: 'java'\n    apply plugin: 'kotlin'\n\n    sourceCompatibility = 1.8\n\n    repositories {\n        mavenCentral()\n    }\n\n    dependencies {\n        compile \"org.jetbrains.kotlin:kotlin-stdlib-jdk8:$kotlin_version\"\n        testCompile group: 'junit', name: 'junit', version: '4.12'\n    }\n\n    compileKotlin.destinationDir = compileJava.destinationDir\n\n    compileKotlin {\n        kotlinOptions.jvmTarget = \"1.8\"\n    }\n    compileTestKotlin {\n        kotlinOptions.jvmTarget = \"1.8\"\n    }\n\n    sourceSets {\n        main {\n            kotlin.srcDir 'src'\n            java.srcDir 'src'\n        }\n        test {\n            kotlin.srcDir 'test'\n            java.srcDir 'test'\n        }\n    }\n\n    mainClassName = project.hasProperty(\"mainClass\") ? project.getProperty(\"mainClass\") : \"\"\n\n    test {\n        outputs.upToDateWhen { false }\n        afterTest { TestDescriptor test, TestResult result ->\n            if (result.resultType == TestResult.ResultType.FAILURE) {\n                def message = result.exception?.message ?: \"Wrong answer\"\n                def lines = message.readLines()\n                println \"#educational_plugin FAILED + \" + lines[0]\n                lines.subList(1, lines.size()).forEach { line ->\n                    println \"#educational_plugin\" + line\n                }\n                // we need this to separate output of different tests\n                println \"\"\n            }\n        }\n    }\n\n    def runOutput = new ByteArrayOutputStream()\n    tasks.run.setStandardOutput(runOutput)\n    tasks.run.doLast { printOutput(runOutput) }\n}\n\nproject(':util') {\n    dependencies {\n        compile group: 'junit', name: 'junit', version: '4.12'\n    }\n}\n\nconfigure(subprojects.findAll {it.name != 'util'}) {\n    dependencies {\n        compile project(':util').sourceSets.main.output\n        testCompile project(':util').sourceSets.test.output\n    }\n}",
          "is_visible" : false
        }
      },
      "task_type" : "edu",
      "feedback_link" : {
        "link_type" : "STEPIK"
      }
    } ],
    "type" : "lesson"
  } ],
  "version" : 7
}