{
  "summary" : "Assignment for Week 2 of the Coursera <a href=\"https://www.coursera.org/learn/kotlin-for-java-developers/\">Kotlin for Java Developers</a> course",
  "title" : "Kotlin for Java Developers. Week 2",
  "programming_language" : "kotlin",
  "language" : "en",
  "items" : [ {
    "id" : 0,
    "title" : "Mastermind",
    "unit_id" : 0,
    "task_list" : [ {
      "name" : "Task",
      "stepic_id" : 0,
      "task_files" : {
        "src/mastermind/evaluateGuess.kt" : {
          "name" : "src/mastermind/evaluateGuess.kt",
          "text" : "package mastermind\n\ndata class Evaluation(val rightPosition: Int, val wrongPosition: Int)\n\nfun evaluateGuess(secret: String, guess: String): Evaluation {\n    TODO()\n}\n",
          "placeholders" : [ {
            "offset" : 158,
            "length" : 6,
            "hints" : [ ],
            "placeholder_text" : "TODO()"
          } ]
        },
        "src/mastermind/playMastermind.kt" : {
          "name" : "src/mastermind/playMastermind.kt",
          "text" : "package mastermind\n\nimport java.util.*\n\nval ALPHABET = 'A'..'F'\nval CODE_LENGTH = 4\n\nfun main(args: Array<String>) {\n    playBullsAndCows()\n}\n\nfun playBullsAndCows(\n        secret: String = generateSecret()\n) {\n    val scanner = Scanner(System.`in`)\n    var evaluation: Evaluation\n\n    do {\n        print(\"Your guess: \")\n        var guess = scanner.next()\n        while (hasErrorsInInput(guess)) {\n            println(\"Incorrect input: $guess. \" +\n                    \"It should consist of ${CODE_LENGTH} digits. \" +\n                    \"Try again.\")\n            guess = scanner.next()\n        }\n        evaluation = evaluateGuess(secret, guess)\n        if (evaluation.isComplete()) {\n            println(\"You are correct!\")\n        } else {\n            println(\"Positions: ${evaluation.rightPosition}; letters: ${evaluation.wrongPosition}.\")\n        }\n\n    } while (!evaluation.isComplete())\n}\n\nfun Evaluation.isComplete(): Boolean = rightPosition == CODE_LENGTH\n\nfun hasErrorsInInput(guess: String): Boolean {\n    val possibleLetters = ALPHABET.toSet()\n    return guess.length != CODE_LENGTH || guess.any { it !in possibleLetters }\n}\n\nfun generateSecret(differentLetters: Boolean = false): String {\n    val chars = ALPHABET.toMutableList()\n    val random = Random()\n    return buildString {\n        for (i in 1..CODE_LENGTH) {\n            val letter = chars[random.nextInt(chars.size)]\n            append(letter)\n            if (differentLetters) {\n                chars.remove(letter)\n            }\n        }\n    }\n}\n",
          "placeholders" : [ ]
        },
        "test/MastermindTests.kt" : {
          "name" : "test/MastermindTests.kt",
          "text" : "package mastermind\n\nimport org.junit.Assert\nimport org.junit.Test\n\nclass MastermindTests {\n\n    private fun testEvaluation(secret: String, guess: String, positions: Int, letters: Int) {\n        val expected = Evaluation(positions, letters)\n        val evaluation = evaluateGuess(secret, guess)\n        Assert.assertEquals(\"Wrong evaluation for secret=$secret, guess=$guess\",\n                expected, evaluation)\n    }\n\n    // simple\n    @Test\n    fun testEqual() = testEvaluation(\"ABCD\", \"ABCD\", 4, 0)\n\n    @Test\n    fun testOnlyWrongPositions() = testEvaluation(\"DCBA\", \"ABCD\", 0, 4)\n\n    @Test\n    fun testSwap() = testEvaluation(\"ABCD\", \"ABDC\", 2, 2)\n\n    @Test\n    fun testRightPositions() = testEvaluation(\"ABCD\", \"ABCF\", 3, 0)\n\n    @Test\n    fun testWrongPositions() = testEvaluation(\"DAEF\", \"FECA\", 0, 3)\n\n\n    // repeated letters\n    @Test\n    fun testRightPosition() = testEvaluation(\"AABC\", \"ADFE\", 1, 0)\n\n    @Test\n    fun testSameLetters() = testEvaluation(\"AABC\", \"DEAA\", 0, 2)\n}",
          "placeholders" : [ ]
        }
      },
      "test_files" : {
        "test/MastermindTests.kt" : "package mastermind\n\nimport org.junit.Assert\nimport org.junit.Test\n\nclass MastermindTests {\n\n    private fun testEvaluation(secret: String, guess: String, positions: Int, letters: Int) {\n        val expected = Evaluation(positions, letters)\n        val evaluation = evaluateGuess(secret, guess)\n        Assert.assertEquals(\"Wrong evaluation for secret=$secret, guess=$guess\",\n                expected, evaluation)\n    }\n\n    // simple\n    @Test\n    fun testEqual() = testEvaluation(\"ABCD\", \"ABCD\", 4, 0)\n\n    @Test\n    fun testOnlyWrongPositions() = testEvaluation(\"DCBA\", \"ABCD\", 0, 4)\n\n    @Test\n    fun testSwap() = testEvaluation(\"ABCD\", \"ABDC\", 2, 2)\n\n    @Test\n    fun testRightPositions() = testEvaluation(\"ABCD\", \"ABCF\", 3, 0)\n\n    @Test\n    fun testWrongPositions() = testEvaluation(\"DAEF\", \"FECA\", 0, 3)\n\n\n    // repeated letters\n    @Test\n    fun testRightPosition() = testEvaluation(\"AABC\", \"ADFE\", 1, 0)\n\n    @Test\n    fun testSameLetters() = testEvaluation(\"AABC\", \"DEAA\", 0, 2)\n}"
      },
      "description_text" : "## Mastermind game\n\n[Mastermind](https://en.wikipedia.org/wiki/Mastermind_(board_game)) is a board game.\nThe first player invents a code consisting of 4 balls of six different colors and the second player tries to break it.\nFor the task simplicity, we'll use capital letters from A to F instead of colors.\nNote that the letters might be repeated in the code.\n\nThe second player makes consecutive attempts to guess the code: \nhe suggests the new combination of letters on each try until his guess is correct.\nThe first player evaluates each combination by comparing it to her secret, and says\nhow many letters are guessed correctly. \n\nFirst, she says the number of letters which are guessed right with their positions.\nThen she compares the remaining letters and says how many of them are guessed\nproperly: the letters are present both in the guess and in the secret, but stay\nnot in their correct positions. If there are duplicate letters in the guess,\nthey all are counted as \"wrongPosition\" letters if they correspond to the same\nnumber of duplicated letters in the hidden code.  \n\nYour task is to evaluate a guess in comparison to a given secret code.\n\n### Different Letters\n\n#### Example 1\n\nSecret `ABCD` and guess `ABCD` must be evaluated to: `rightPosition = 4, wrongPosition = 0`.\nAll letters are guessed correctly in respect to their positions.\n\n#### Example 2\n\nSecret `ABCD` and guess `CDBA` must be evaluated to: `rightPosition = 0, wrongPosition = 4`.\nAll letters are guessed correctly, but none has the right position.\n\n#### Example 3\n\nSecret `ABCD` and guess `ABDC` must be evaluated to: `rightPosition = 2, wrongPosition = 2`.\n`A` and `B` letters and their positions are guessed correctly.\n`C` and `D` letters are guessed correctly, but their positions are wrong.  \n\n### Repeated Letters\n\n#### Example 4\n\nSecret `AABC` and guess `ADFE` must be evaluated to: `rightPosition = 1, wrongPosition = 0`.\n`A` at the first position is guessed correctly with its position.\nIf we remove the first `A` from consideration (comparing the remaining `ABC` and\n`DFE` only), that will give us no more common letters or positions.\n\n#### Example 5\n\nSecret `AABC` and guess `DEAA` must be evaluated to: `rightPosition = 0, wrongPosition = 2`.\nNo letters are guessed correctly with respect to their positions. \nWhen we compare the letters without positions, `A` is guessed correctly.\nSince `A` is present twice in both guess and secret, it must be counted two times.  ",
      "description_format" : "md",
      "additional_files" : {
        "partId" : {
          "text" : "GWATl",
          "is_visible" : false
        },
        "assignmentKey" : {
          "text" : "qF70Z5yXEeiogBK51jO1Gg",
          "is_visible" : false
        }
      },
      "task_type" : "edu",
      "feedback_link" : {
        "link_type" : "CUSTOM",
        "link" : "https://www.coursera.org/learn/kotlin-for-java-developers/programming/vmwVT/mastermind-game/discussions"
      }
    } ],
    "type" : "lesson"
  }, {
    "id" : 0,
    "title" : "Edu additional materials",
    "unit_id" : 0,
    "task_list" : [ {
      "name" : "Edu additional materials",
      "stepic_id" : 0,
      "task_files" : { },
      "test_files" : { },
      "additional_files" : {
        "build.gradle" : {
          "text" : "buildscript {\n    ext.kotlin_version = '1.2.71'\n\n    repositories {\n        mavenCentral()\n    }\n\n    dependencies {\n        classpath \"org.jetbrains.kotlin:kotlin-gradle-plugin:$kotlin_version\"\n    }\n}\n\ndef printOutput(def output) {\n    return tasks.create(\"printOutput\") {\n        for (line in output.toString().readLines()) {\n            println \"#educational_plugin\" + line\n        }\n    }\n}\n\nsubprojects {\n    apply plugin: 'application'\n    apply plugin: 'java'\n    apply plugin: 'kotlin'\n\n    sourceCompatibility = 1.8\n\n    repositories {\n        mavenCentral()\n    }\n\n    dependencies {\n        compile \"org.jetbrains.kotlin:kotlin-stdlib-jdk8:$kotlin_version\"\n        testCompile group: 'junit', name: 'junit', version: '4.12'\n    }\n\n    compileKotlin.destinationDir = compileJava.destinationDir\n\n    compileKotlin {\n        kotlinOptions.jvmTarget = \"1.8\"\n    }\n    compileTestKotlin {\n        kotlinOptions.jvmTarget = \"1.8\"\n    }\n\n    sourceSets {\n        main {\n            kotlin.srcDir 'src'\n            java.srcDir 'src'\n        }\n        test {\n            kotlin.srcDir 'test'\n            java.srcDir 'test'\n        }\n    }\n\n    mainClassName = project.hasProperty(\"mainClass\") ? project.getProperty(\"mainClass\") : \"\"\n\n    test {\n        outputs.upToDateWhen { false }\n        afterTest { TestDescriptor test, TestResult result ->\n            if (result.resultType == TestResult.ResultType.FAILURE) {\n                def message = result.exception?.message ?: \"Wrong answer\"\n                def lines = message.readLines()\n                println \"#educational_plugin FAILED + \" + lines[0]\n                lines[1..-1].forEach { line ->\n                    println \"#educational_plugin\" + line\n                }\n                // we need this to separate output of different tests\n                println\n            }\n        }\n    }\n\n    def runOutput = new ByteArrayOutputStream()\n    tasks.run.setStandardOutput(runOutput)\n    tasks.run.doLast { printOutput(runOutput) }\n}\n\nproject(':util') {\n    dependencies {\n        compile group: 'junit', name: 'junit', version: '4.12'\n    }\n}\n\nconfigure(subprojects.findAll {it.name != 'util'}) {\n    dependencies {\n        compile project(':util').sourceSets.main.output\n        testCompile project(':util').sourceSets.test.output\n    }\n}\n\ntask wrapper(type: Wrapper) {\n    gradleVersion = '4.8'\n}\n",
          "is_visible" : false
        }
      },
      "task_type" : "edu",
      "feedback_link" : {
        "link_type" : "STEPIK"
      }
    } ],
    "type" : "lesson"
  } ],
  "version" : 7
}