{
  "summary" : "Assignment for Week 4 of the Coursera <a href=\"https://www.coursera.org/learn/kotlin-for-java-developers/\">Kotlin for Java Developers</a> course",
  "title" : "Kotlin for Java Developers. Week 4",
  "programming_language" : "kotlin",
  "language" : "en",
  "course_type" : "Coursera",
  "items" : [ {
    "id" : 0,
    "title" : "Rationals",
    "unit_id" : 0,
    "task_list" : [ {
      "name" : "Task",
      "stepic_id" : 0,
      "task_files" : {
        "src/rationals/Rational.kt" : {
          "name" : "src/rationals/Rational.kt",
          "text" : "package rationals\n\n\n\nfun main() {\n    val half = 1 divBy 2\n    val third = 1 divBy 3\n\n    val sum: Rational = half + third\n    println(5 divBy 6 == sum)\n\n    val difference: Rational = half - third\n    println(1 divBy 6 == difference)\n\n    val product: Rational = half * third\n    println(1 divBy 6 == product)\n\n    val quotient: Rational = half / third\n    println(3 divBy 2 == quotient)\n\n    val negation: Rational = -half\n    println(-1 divBy 2 == negation)\n\n    println((2 divBy 1).toString() == \"2\")\n    println((-2 divBy 4).toString() == \"-1/2\")\n    println(\"117/1098\".toRational().toString() == \"13/122\")\n\n    val twoThirds = 2 divBy 3\n    println(half < twoThirds)\n\n    println(half in third..twoThirds)\n\n    println(2000000000L divBy 4000000000L == 1 divBy 2)\n\n    println(\"912016490186296920119201192141970416029\".toBigInteger() divBy\n            \"1824032980372593840238402384283940832058\".toBigInteger() == 1 divBy 2)\n}",
          "placeholders" : [ ]
        },
        "test/rationals/TestRationals.kt" : {
          "name" : "test/rationals/TestRationals.kt",
          "text" : "package rationals\n\nimport org.junit.Assert\nimport org.junit.Test\nimport rationals.TestRationals.ComparisonOperation.*\n\nclass TestRationals {\n\n    private fun testNormalizedForm(rational: String, normalizedForm: String) {\n        Assert.assertEquals(\"Wrong normalized form for $rational\",\n                normalizedForm, rational.toRational().toString())\n    }\n\n    private fun testArithmeticOperation(first: String, operationRepresentation: String, second: String,\n                                        expectedResult: String, operation: Rational.(Rational) -> Rational) {\n        Assert.assertEquals(\"\"\"Wrong result for $first $operationRepresentation $second\"\"\",\n                expectedResult, first.toRational().operation(second.toRational()).toString())\n    }\n\n    private enum class ComparisonOperation(val symbols: String) {\n        EQUAL(\"==\"), LESS(\"<\"), MORE(\">\"), LESS_OR_EQUAL(\"<=\"), MORE_OR_EQUAL(\">=\")\n    }\n\n    private fun testComparison(\n            first: String,\n            comparison: ComparisonOperation,\n            second: String,\n            expectedResult: Boolean\n    ) {\n        val firstRational = first.toRational()\n        val secondRational = second.toRational()\n        val result = when (comparison) {\n            EQUAL -> firstRational == secondRational\n            LESS -> firstRational < secondRational\n            MORE -> firstRational > secondRational\n            LESS_OR_EQUAL -> firstRational <= secondRational\n            MORE_OR_EQUAL -> firstRational >= secondRational\n        }\n        Assert.assertEquals(\"Wrong result for $first ${comparison.symbols} $second\",\n                expectedResult, result)\n    }\n\n    private fun testInRange(element: String, start: String, end: String, expected: Boolean = true) {\n        Assert.assertEquals(\"Wrong result for $element in $start..$end\",\n                expected, element.toRational() in start.toRational()..end.toRational())\n    }\n\n    @Test\n    fun test0Sample1Sum() {\n        val sum: Rational = (1 divBy 2) + (1 divBy 3)\n        Assert.assertEquals(\"Wrong result for sum\", 5 divBy 6, sum)\n    }\n\n    @Test\n    fun test0Sample2Difference() {\n        val difference: Rational = (1 divBy 2) - (1 divBy 3)\n        Assert.assertEquals(\"Wrong result for difference\", 1 divBy 6, difference)\n    }\n\n    @Test\n    fun test0Sample3Product() {\n        val product: Rational = (1 divBy 2) * (1 divBy 3)\n        Assert.assertEquals(\"Wrong result for product\", 1 divBy 6, product)\n    }\n\n    @Test\n    fun test0Sample4Quotient() {\n        val quotient: Rational = (1 divBy 2) / (1 divBy 3)\n        Assert.assertEquals(\"Wrong result for quotient\", 3 divBy 2, quotient)\n    }\n\n    @Test\n    fun test0Sample5Negation() {\n        val negation: Rational = -(1 divBy 2)\n        Assert.assertEquals(\"Wrong result for negation\", -1 divBy 2, negation)\n    }\n\n    @Test\n    fun test0Sample6Integer() {\n        Assert.assertEquals(\"Wrong string representation for integer number\",\n                \"2\", (2 divBy 1).toString())\n    }\n\n    @Test\n    fun test0Sample7NormalizedForm() {\n        Assert.assertEquals(\"Wrong normalized form for '-2 divBy 4'\",\n                \"-1/2\", (-2 divBy 4).toString())\n        Assert.assertEquals(\"Wrong normalized form for '117/1098'\",\n                \"13/122\", \"117/1098\".toRational().toString())\n    }\n\n    @Test\n    fun test0Sample8Comparison() {\n        Assert.assertTrue(\"Wrong result for comparison\", (1 divBy 2) < (2 divBy 3))\n    }\n\n    @Test\n    fun test0Sample9InRange() {\n        Assert.assertTrue(\"Wrong result for checking belonging to a range\",\n                (1 divBy 2) in (1 divBy 3)..(2 divBy 3))\n    }\n\n    @Test\n    fun test0Sample10Long() {\n        Assert.assertEquals(\"Wrong result for normalization of '2000000000L divBy 4000000000L'\",\n                1 divBy 2, 2000000000L divBy 4000000000L)\n    }\n\n    @Test\n    fun test0Sample11BigInteger() {\n        Assert.assertEquals(\"Wrong result for normalization of\\n\" +\n                \"\\\"912016490186296920119201192141970416029\\\".toBigInteger() divBy\\n\" +\n                \"\\\"1824032980372593840238402384283940832058\\\".toBigInteger()\",\n                1 divBy 2,\n                \"912016490186296920119201192141970416029\".toBigInteger() divBy\n                        \"1824032980372593840238402384283940832058\".toBigInteger())\n    }\n\n    @Test\n    fun test1Normalized0() = testNormalizedForm(\"48/30\", \"8/5\")\n\n    @Test\n    fun test1Normalized1() = testNormalizedForm(\"26/56\", \"13/28\")\n\n    @Test\n    fun test1Normalized2() = testNormalizedForm(\"6/3\", \"2\")\n\n    @Test\n    fun test1Normalized3() = testNormalizedForm(\"5670711258187766016096/1017819969418316977248\", \"39/7\")\n\n    @Test\n    fun test1Normalized4() = testNormalizedForm(\"-578136305229133309744/-966904753430936619984\", \"461/771\")\n\n    @Test\n    fun test1Normalized5() = testNormalizedForm(\"31/-541\", \"-31/541\")\n\n    @Test\n    fun test2Arithmetic0() = testArithmeticOperation(\"86/1\", \"+\", \"64/16\", \"90\", Rational::plus)\n\n    @Test\n    fun test2Arithmetic1() = testArithmeticOperation(\"17/94\", \"-\", \"59/87\", \"-4067/8178\", Rational::minus)\n\n    @Test\n    fun test2Arithmetic2() = testArithmeticOperation(\"6/70\", \"*\", \"5/2\", \"3/14\", Rational::times)\n\n    @Test\n    fun test2Arithmetic3() = testArithmeticOperation(\"21/4\", \"/\", \"4/44\", \"231/4\", Rational::div)\n\n    @Test\n    fun test2Arithmetic4() = testArithmeticOperation(\"828099487587993325537/44002379163849686934\", \"+\", \"597728771407450572129/542645811175759848891\", \"17617266896778903272923516079952426936739/884359508704835805965897828865092484822\", Rational::plus)\n\n    @Test\n    fun test2Arithmetic5() = testArithmeticOperation(\"17311206/15881920\", \"-\", \"349928488/277922736\", \"-8267885027/48896076960\", Rational::minus)\n\n    @Test\n    fun test2Arithmetic6() = testArithmeticOperation(\"2339496978/2849004564\", \"*\", \"6292023/4423077\", \"46121885693/39483160566\", Rational::times)\n\n    @Test\n    fun test2Arithmetic7() = testArithmeticOperation(\"-159839855495465822788/224723091004279289771\", \"/\", \"2199321524829342798673/4174073637464826992623\", \"-7781380285275554790183890063972035564/5764317318107961130856061713789364263\", Rational::div)\n\n    @Test\n    fun test3Comparison0() = testComparison(\"1/2\", LESS, \"1/3\", false)\n\n    @Test\n    fun test3Comparison1() = testComparison(\"20325830850349869048604856908\", MORE, \"-9192901948302584358938698\", true)\n\n    @Test\n    fun test3Comparison2() = testComparison(\"-1042438361047144366998/59812037109262381713\", EQUAL, \"1076615241954175969826/-61773005685895342531\", true)\n\n    @Test\n    fun test3Comparison3() = testComparison(\"-1042438361047144366998/59812037109262381713\", MORE_OR_EQUAL, \"-1076615241954175969826/61773005685895342531\", true)\n\n    @Test\n    fun test3Comparison4() = testComparison(\"259877352047152420620/1282471666315533247320\", LESS_OR_EQUAL, \"1461828422172186708965/7213993515334933226490\", true)\n\n    @Test\n    fun test3Comparison5() = testComparison(\"259877352047152420620/1282471666315533247320\", LESS, \"1461828422172186708965/7213993515334933226490\", false)\n\n    @Test\n    fun test3Comparison6() = testComparison(\"87077/297895\", LESS, \"40687/138970\", true)\n\n    @Test\n    fun test3Comparison7() = testComparison(\"6548172/6479656\", MORE, \"132455/130414\", false)\n\n    @Test\n    fun test3Comparison8() = testComparison(\"95676047876718598058/21886075122687372173\", LESS, \"719390507052102557245/53591306636978481949\", true)\n\n    @Test\n    fun test3Comparison9() = testComparison(\"-48673102662562360478/2261578507553402607\", LESS_OR_EQUAL, \"-3238921919908420813980/150495361935138744892\", true)\n\n    @Test\n    fun test3Comparison10() = testComparison(\"17/382231\", EQUAL, \"-17/382231\", false)\n\n    @Test\n    fun test4InRange0() = testInRange(\"0/68\", \"0/85\", \"1/100\")\n\n    @Test\n    fun test4InRange1() = testInRange(\"95/8\", \"516/46\", \"1101/92\")\n\n    @Test\n    fun test4InRange2() = testInRange(\"339/685\", \"273/562\", \"277/281\")\n\n    @Test\n    fun test4InRange3() = testInRange(\"20395802948019459839003802001190283020/\" +\n            \"32493205934869548609023910932454365628\", \"1/2\", \"2/3\")\n\n    @Test\n    fun test4InRange4() = testInRange(\"10/527\", \"37/431\", \"505/862\", false)\n\n    @Test\n    fun test4InRange5() = testInRange(\"2/295\", \"5/125\", \"27/50\", false)\n\n    @Test\n    fun test4InRange6() = testInRange(\"687/969\", \"33/275\", \"31/50\", false)\n}",
          "placeholders" : [ ]
        }
      },
      "test_files" : {
        "test/rationals/TestRationals.kt" : "package rationals\n\nimport org.junit.Assert\nimport org.junit.Test\nimport rationals.TestRationals.ComparisonOperation.*\n\nclass TestRationals {\n\n    private fun testNormalizedForm(rational: String, normalizedForm: String) {\n        Assert.assertEquals(\"Wrong normalized form for $rational\",\n                normalizedForm, rational.toRational().toString())\n    }\n\n    private fun testArithmeticOperation(first: String, operationRepresentation: String, second: String,\n                                        expectedResult: String, operation: Rational.(Rational) -> Rational) {\n        Assert.assertEquals(\"\"\"Wrong result for $first $operationRepresentation $second\"\"\",\n                expectedResult, first.toRational().operation(second.toRational()).toString())\n    }\n\n    private enum class ComparisonOperation(val symbols: String) {\n        EQUAL(\"==\"), LESS(\"<\"), MORE(\">\"), LESS_OR_EQUAL(\"<=\"), MORE_OR_EQUAL(\">=\")\n    }\n\n    private fun testComparison(\n            first: String,\n            comparison: ComparisonOperation,\n            second: String,\n            expectedResult: Boolean\n    ) {\n        val firstRational = first.toRational()\n        val secondRational = second.toRational()\n        val result = when (comparison) {\n            EQUAL -> firstRational == secondRational\n            LESS -> firstRational < secondRational\n            MORE -> firstRational > secondRational\n            LESS_OR_EQUAL -> firstRational <= secondRational\n            MORE_OR_EQUAL -> firstRational >= secondRational\n        }\n        Assert.assertEquals(\"Wrong result for $first ${comparison.symbols} $second\",\n                expectedResult, result)\n    }\n\n    private fun testInRange(element: String, start: String, end: String, expected: Boolean = true) {\n        Assert.assertEquals(\"Wrong result for $element in $start..$end\",\n                expected, element.toRational() in start.toRational()..end.toRational())\n    }\n\n    @Test\n    fun test0Sample1Sum() {\n        val sum: Rational = (1 divBy 2) + (1 divBy 3)\n        Assert.assertEquals(\"Wrong result for sum\", 5 divBy 6, sum)\n    }\n\n    @Test\n    fun test0Sample2Difference() {\n        val difference: Rational = (1 divBy 2) - (1 divBy 3)\n        Assert.assertEquals(\"Wrong result for difference\", 1 divBy 6, difference)\n    }\n\n    @Test\n    fun test0Sample3Product() {\n        val product: Rational = (1 divBy 2) * (1 divBy 3)\n        Assert.assertEquals(\"Wrong result for product\", 1 divBy 6, product)\n    }\n\n    @Test\n    fun test0Sample4Quotient() {\n        val quotient: Rational = (1 divBy 2) / (1 divBy 3)\n        Assert.assertEquals(\"Wrong result for quotient\", 3 divBy 2, quotient)\n    }\n\n    @Test\n    fun test0Sample5Negation() {\n        val negation: Rational = -(1 divBy 2)\n        Assert.assertEquals(\"Wrong result for negation\", -1 divBy 2, negation)\n    }\n\n    @Test\n    fun test0Sample6Integer() {\n        Assert.assertEquals(\"Wrong string representation for integer number\",\n                \"2\", (2 divBy 1).toString())\n    }\n\n    @Test\n    fun test0Sample7NormalizedForm() {\n        Assert.assertEquals(\"Wrong normalized form for '-2 divBy 4'\",\n                \"-1/2\", (-2 divBy 4).toString())\n        Assert.assertEquals(\"Wrong normalized form for '117/1098'\",\n                \"13/122\", \"117/1098\".toRational().toString())\n    }\n\n    @Test\n    fun test0Sample8Comparison() {\n        Assert.assertTrue(\"Wrong result for comparison\", (1 divBy 2) < (2 divBy 3))\n    }\n\n    @Test\n    fun test0Sample9InRange() {\n        Assert.assertTrue(\"Wrong result for checking belonging to a range\",\n                (1 divBy 2) in (1 divBy 3)..(2 divBy 3))\n    }\n\n    @Test\n    fun test0Sample10Long() {\n        Assert.assertEquals(\"Wrong result for normalization of '2000000000L divBy 4000000000L'\",\n                1 divBy 2, 2000000000L divBy 4000000000L)\n    }\n\n    @Test\n    fun test0Sample11BigInteger() {\n        Assert.assertEquals(\"Wrong result for normalization of\\n\" +\n                \"\\\"912016490186296920119201192141970416029\\\".toBigInteger() divBy\\n\" +\n                \"\\\"1824032980372593840238402384283940832058\\\".toBigInteger()\",\n                1 divBy 2,\n                \"912016490186296920119201192141970416029\".toBigInteger() divBy\n                        \"1824032980372593840238402384283940832058\".toBigInteger())\n    }\n\n    @Test\n    fun test1Normalized0() = testNormalizedForm(\"48/30\", \"8/5\")\n\n    @Test\n    fun test1Normalized1() = testNormalizedForm(\"26/56\", \"13/28\")\n\n    @Test\n    fun test1Normalized2() = testNormalizedForm(\"6/3\", \"2\")\n\n    @Test\n    fun test1Normalized3() = testNormalizedForm(\"5670711258187766016096/1017819969418316977248\", \"39/7\")\n\n    @Test\n    fun test1Normalized4() = testNormalizedForm(\"-578136305229133309744/-966904753430936619984\", \"461/771\")\n\n    @Test\n    fun test1Normalized5() = testNormalizedForm(\"31/-541\", \"-31/541\")\n\n    @Test\n    fun test2Arithmetic0() = testArithmeticOperation(\"86/1\", \"+\", \"64/16\", \"90\", Rational::plus)\n\n    @Test\n    fun test2Arithmetic1() = testArithmeticOperation(\"17/94\", \"-\", \"59/87\", \"-4067/8178\", Rational::minus)\n\n    @Test\n    fun test2Arithmetic2() = testArithmeticOperation(\"6/70\", \"*\", \"5/2\", \"3/14\", Rational::times)\n\n    @Test\n    fun test2Arithmetic3() = testArithmeticOperation(\"21/4\", \"/\", \"4/44\", \"231/4\", Rational::div)\n\n    @Test\n    fun test2Arithmetic4() = testArithmeticOperation(\"828099487587993325537/44002379163849686934\", \"+\", \"597728771407450572129/542645811175759848891\", \"17617266896778903272923516079952426936739/884359508704835805965897828865092484822\", Rational::plus)\n\n    @Test\n    fun test2Arithmetic5() = testArithmeticOperation(\"17311206/15881920\", \"-\", \"349928488/277922736\", \"-8267885027/48896076960\", Rational::minus)\n\n    @Test\n    fun test2Arithmetic6() = testArithmeticOperation(\"2339496978/2849004564\", \"*\", \"6292023/4423077\", \"46121885693/39483160566\", Rational::times)\n\n    @Test\n    fun test2Arithmetic7() = testArithmeticOperation(\"-159839855495465822788/224723091004279289771\", \"/\", \"2199321524829342798673/4174073637464826992623\", \"-7781380285275554790183890063972035564/5764317318107961130856061713789364263\", Rational::div)\n\n    @Test\n    fun test3Comparison0() = testComparison(\"1/2\", LESS, \"1/3\", false)\n\n    @Test\n    fun test3Comparison1() = testComparison(\"20325830850349869048604856908\", MORE, \"-9192901948302584358938698\", true)\n\n    @Test\n    fun test3Comparison2() = testComparison(\"-1042438361047144366998/59812037109262381713\", EQUAL, \"1076615241954175969826/-61773005685895342531\", true)\n\n    @Test\n    fun test3Comparison3() = testComparison(\"-1042438361047144366998/59812037109262381713\", MORE_OR_EQUAL, \"-1076615241954175969826/61773005685895342531\", true)\n\n    @Test\n    fun test3Comparison4() = testComparison(\"259877352047152420620/1282471666315533247320\", LESS_OR_EQUAL, \"1461828422172186708965/7213993515334933226490\", true)\n\n    @Test\n    fun test3Comparison5() = testComparison(\"259877352047152420620/1282471666315533247320\", LESS, \"1461828422172186708965/7213993515334933226490\", false)\n\n    @Test\n    fun test3Comparison6() = testComparison(\"87077/297895\", LESS, \"40687/138970\", true)\n\n    @Test\n    fun test3Comparison7() = testComparison(\"6548172/6479656\", MORE, \"132455/130414\", false)\n\n    @Test\n    fun test3Comparison8() = testComparison(\"95676047876718598058/21886075122687372173\", LESS, \"719390507052102557245/53591306636978481949\", true)\n\n    @Test\n    fun test3Comparison9() = testComparison(\"-48673102662562360478/2261578507553402607\", LESS_OR_EQUAL, \"-3238921919908420813980/150495361935138744892\", true)\n\n    @Test\n    fun test3Comparison10() = testComparison(\"17/382231\", EQUAL, \"-17/382231\", false)\n\n    @Test\n    fun test4InRange0() = testInRange(\"0/68\", \"0/85\", \"1/100\")\n\n    @Test\n    fun test4InRange1() = testInRange(\"95/8\", \"516/46\", \"1101/92\")\n\n    @Test\n    fun test4InRange2() = testInRange(\"339/685\", \"273/562\", \"277/281\")\n\n    @Test\n    fun test4InRange3() = testInRange(\"20395802948019459839003802001190283020/\" +\n            \"32493205934869548609023910932454365628\", \"1/2\", \"2/3\")\n\n    @Test\n    fun test4InRange4() = testInRange(\"10/527\", \"37/431\", \"505/862\", false)\n\n    @Test\n    fun test4InRange5() = testInRange(\"2/295\", \"5/125\", \"27/50\", false)\n\n    @Test\n    fun test4InRange6() = testInRange(\"687/969\", \"33/275\", \"31/50\", false)\n}"
      },
      "description_text" : "## Rational Numbers\n\nYour task is to implement a class `Rational` representing rational numbers.\nA rational number is a number expressed as a ratio `n/d` , where `n` (numerator)\nand `d` (denominator) are integer numbers, except that `d` cannot be zero.\nIf the denominator is zero, you can throw an exception on creating a new\ninstance of the class, e.g. `IllegalArgumentException`.\n\nExamples of rational numbers are `1/2`, `2/3`, `117/1098`, and `2/1` (which\ncan alternatively be written simply as `2`).\nRational numbers are represented exactly, without rounding or\napproximation, which gives them the advantage compared to floating-point numbers. \n\nYour task it to model the behavior of rational numbers, including allowing them\nto be added, subtracted, multiplied, divided and compared.\nAll arithmetic and comparison operations must be available for rationals:\n`+`, `-`, `*`, `/`, `==`, `<`, `>=` etc.\nCheck whether a number belongs to a range should also be possible:\n`1/2 in 1/3..2/3` should return true.\n\nThe `Rational` class should contain a numerator and denominator which might be\nunlimited numbers, so use `java.math.BigInteger` class for storing them.\n\nThe rational numbers must be compared to their \"normalized\" forms:\nfor example, `1/2` should be equal to `2/4`, or `117/1098` to `13/122`.\nThe string representation of a rational must be also given in the normalized form.\nNote that the denominator `1` must be omitted, so `2/1` must be printed as `\"2\"`.\nThe denominator must be always positive in the normalized form.\nIf the negative rational is normalized, then only the numerator can be negative, e.g.\nthe normalized form of `1/-2` should be `-1/2`.\n\nNote that you can use `BigInteger.gcd` to find the greatest common divisor\nused in the normalized form calculation.  \n\nYou need to support two ways to create rationals. The first one is to convert\na string representation to a rational directly, like in `\"1/2\".toRational()`.\nConverting an integer number should also be possible, and `1` should be used\nas denominator by default: `\"23\".toRational()` is the same as `\"23/1\".toRational()`.\n\nThe alternative way to create a rational is to use `divBy` infix function\nlike in `1 divBy 2`. The receiver and the argument might be of types `Int`,\n`Long`, or `BigInteger.`\n\n\n#### Examples\n\nAll the following equality checks must be evaluated to `true`:\n\n```\nval half = 1 divBy 2\nval third = 1 divBy 3\n\nval sum: Rational = half + third\n5 divBy 6 == sum\n\nval difference: Rational = half - third\n1 divBy 6 == difference\n\nval product: Rational = half * third\n1 divBy 6 == product\n\nval quotient: Rational = half / third\n3 divBy 2 == quotient\n\nval negation: Rational = -half\n-1 divBy 2 == negation\n\n(2 divBy 1).toString() == \"2\"\n(-2 divBy 4).toString() == \"-1/2\"\n\"117/1098\".toRational().toString() == \"13/122\"\n\nval twoThirds = 2 divBy 3\nhalf < twoThirds\n\nhalf in third..twoThirds\n\n2000000000L divBy 4000000000L == 1 divBy 2\n\n\"912016490186296920119201192141970416029\".toBigInteger() divBy\n    \"1824032980372593840238402384283940832058\".toBigInteger() == 1 divBy 2\n```\n",
      "description_format" : "md",
      "additional_files" : {
        "partId" : {
          "text" : "fCAt8",
          "is_visible" : false
        },
        "assignmentKey" : {
          "text" : "Po8opb2bEeifOA78c-X_8g",
          "is_visible" : false
        }
      },
      "task_type" : "edu",
      "feedback_link" : {
        "link_type" : "CUSTOM",
        "link" : "https://www.coursera.org/learn/kotlin-for-java-developers/programming/FNjea/rationals/discussions"
      }
    } ],
    "type" : "lesson"
  }, {
    "id" : 0,
    "title" : "Board",
    "unit_id" : 0,
    "task_list" : [ {
      "name" : "Task",
      "stepic_id" : 0,
      "task_files" : {
        "src/board/Board.kt" : {
          "name" : "src/board/Board.kt",
          "text" : "package board\n\ndata class Cell(val i: Int, val j: Int) {\n    override fun toString()= \"($i, $j)\"\n}\n\nenum class Direction {\n    UP, DOWN, RIGHT, LEFT;\n\n    fun reversed() = when (this) {\n        UP -> DOWN\n        DOWN -> UP\n        RIGHT -> LEFT\n        LEFT -> RIGHT\n    }\n}\n\ninterface SquareBoard {\n    val width: Int\n\n    fun getCellOrNull(i: Int, j: Int): Cell?\n    fun getCell(i: Int, j: Int): Cell\n\n    fun getAllCells(): Collection<Cell>\n\n    fun getRow(i: Int, jRange: IntProgression): List<Cell>\n    fun getColumn(iRange: IntProgression, j: Int): List<Cell>\n\n    fun Cell.getNeighbour(direction: Direction): Cell?\n}\n\ninterface GameBoard<T> : SquareBoard {\n\n    operator fun get(cell: Cell): T?\n    operator fun set(cell: Cell, value: T?)\n\n    fun filter(predicate: (T?) -> Boolean): Collection<Cell>\n    fun find(predicate: (T?) -> Boolean): Cell?\n    fun any(predicate: (T?) -> Boolean): Boolean\n    fun all(predicate: (T?) -> Boolean): Boolean\n}",
          "placeholders" : [ ]
        },
        "src/board/BoardImpl.kt" : {
          "name" : "src/board/BoardImpl.kt",
          "text" : "package board\n\nimport board.Direction.*\n\nfun createSquareBoard(width: Int): SquareBoard = TODO()\nfun <T> createGameBoard(width: Int): GameBoard<T> = TODO()\n\n",
          "placeholders" : [ {
            "offset" : 90,
            "length" : 6,
            "hints" : [ ],
            "placeholder_text" : "TODO()"
          }, {
            "offset" : 149,
            "length" : 6,
            "hints" : [ ],
            "placeholder_text" : "TODO()"
          } ]
        },
        "test/board/TestGameBoard.kt" : {
          "name" : "test/board/TestGameBoard.kt",
          "text" : "package board\n\nimport org.junit.Assert\nimport org.junit.FixMethodOrder\nimport org.junit.Test\nimport org.junit.runners.MethodSorters\n\n@FixMethodOrder(MethodSorters.NAME_ASCENDING)\nclass TestGameBoard {\n    operator fun <T> GameBoard<T>.get(i: Int, j: Int) = get(getCell(i, j))\n    operator fun <T> GameBoard<T>.set(i: Int, j: Int, value: T) = set(getCell(i, j), value)\n\n    @Test\n    fun test01GetAndSetElement() {\n        val gameBoard = createGameBoard<Char>(2)\n        gameBoard[1, 1] = 'a'\n        Assert.assertEquals('a', gameBoard[1, 1])\n    }\n\n    @Test\n    fun test02Filter() {\n        val gameBoard = createGameBoard<Char>(2)\n        gameBoard[1, 1] = 'a'\n        gameBoard[1, 2] = 'b'\n        val cells = gameBoard.filter { it == 'a' }\n        Assert.assertEquals(1, cells.size)\n        val cell = cells.first()\n        Assert.assertEquals(1, cell.i)\n        Assert.assertEquals(1, cell.j)\n    }\n\n    @Test\n    fun test03All() {\n        val gameBoard = createGameBoard<Char>(2)\n        gameBoard[1, 1] = 'a'\n        gameBoard[1, 2] = 'a'\n        Assert.assertFalse(gameBoard.all { it == 'a' })\n        gameBoard[2, 1] = 'a'\n        gameBoard[2, 2] = 'a'\n        Assert.assertTrue(gameBoard.all { it == 'a' })\n    }\n\n    @Test\n    fun test04Any() {\n        val gameBoard = createGameBoard<Char>(2)\n        gameBoard[1, 1] = 'a'\n        gameBoard[1, 2] = 'b'\n        Assert.assertTrue(gameBoard.any { it in 'a'..'b' })\n        Assert.assertTrue(gameBoard.any { it == null })\n    }\n\n    @Test\n    fun test05TheSameCell() {\n        val gameBoard = createGameBoard<Char>(2)\n        gameBoard[1, 1] = 'a'\n        val cell1 = gameBoard.find { it == 'a' }\n        gameBoard[1, 1] = 'b'\n        val cell2 = gameBoard.find { it == 'b' }\n        Assert.assertEquals(cell1, cell2)\n    }\n\n    @Test\n    fun test06FindReturnsTheSameCell() {\n        val gameBoard = createGameBoard<Char>(2)\n        gameBoard[1, 1] = 'a'\n        val first = gameBoard.find { it == 'a' }\n        val second = gameBoard.getCell(1, 1)\n        Assert.assertTrue(\"'find' shouldn't recreate the 'Cell' instances.\\n\" +\n                \"Create only 'width * width' cells; all the functions working with cells\\n\" +\n                \"should return existing cells instead of creating new ones.\",\n                first === second)\n    }\n\n    @Test\n    fun test07FilterTheSameCell() {\n        val gameBoard = createGameBoard<Char>(2)\n        gameBoard[1, 1] = 'a'\n        val cells = gameBoard.filter { it == 'a' }\n        val first = cells.first()\n        val second = gameBoard.getCell(1, 1)\n        Assert.assertTrue(\"'filter' shouldn't recreate the 'Cell' instances.\\n\" +\n                \"Create only 'width * width' cells; all the functions working with cells\\n\" +\n                \"should return existing cells instead of creating new ones.\",\n                first === second)\n    }\n\n    @Test\n    fun test08AllAny() {\n        val gameBoard = createGameBoard<Int>(2)\n        gameBoard[1, 1] = 1\n        gameBoard[1, 2] = 0\n        gameBoard[2, 1] = 2\n        gameBoard[2, 2] = 3\n        testAllAny(gameBoard)\n    }\n\n    @Test\n    fun test09AllAny() {\n        val gameBoard = createGameBoard<Int>(2)\n        gameBoard[1, 1] = 0\n        gameBoard[1, 2] = 0\n        gameBoard[2, 1] = 0\n        gameBoard[2, 2] = 0\n        testAllAny(gameBoard)\n    }\n\n    @Test\n    fun test10AllAny() {\n        val gameBoard = createGameBoard<Int>(2)\n        gameBoard[1, 1] = 1\n        gameBoard[1, 2] = 2\n        gameBoard[2, 1] = 3\n        gameBoard[2, 2] = 4\n        testAllAny(gameBoard)\n    }\n\n    @Test\n    fun test11AllAny() {\n        val gameBoard = createGameBoard<Int>(2)\n        gameBoard[1, 1] = 0\n        gameBoard[1, 2] = 1\n        gameBoard[2, 2] = 1\n        testAllAny(gameBoard)\n    }\n\n    private fun <T> GameBoard<T>.asString() =\n            (1..width).joinToString(\"\\n\") { i ->\n                (1..width).joinToString(\" \") { j ->\n                    \"${get(i, j) ?: \"-\"}\"\n                }\n            }\n\n    private fun testAllAny(gameBoard: GameBoard<Int>) {\n        val allNonZero = gameBoard.all { it != 0 }\n        val anyZero = gameBoard.any { it == 0 }\n        Assert.assertTrue(buildString {\n            appendln(\"'board.all { it != 0 }' should give the same result as '!board.any { it == 0 }' for the board\")\n            appendln(gameBoard.asString())\n        }, allNonZero == !anyZero)\n    }\n}",
          "placeholders" : [ ]
        },
        "test/board/TestSquareBoard.kt" : {
          "name" : "test/board/TestSquareBoard.kt",
          "text" : "package board\n\nimport board.Direction.*\nimport org.junit.Assert\nimport org.junit.FixMethodOrder\nimport org.junit.Test\nimport org.junit.runners.MethodSorters\n\n@FixMethodOrder(MethodSorters.NAME_ASCENDING)\nclass TestSquareBoard {\n    @Test\n    fun test00AllCells() {\n        val board = createSquareBoard(2)\n        val cells = board.getAllCells().sortedWith(compareBy<Cell> { it.i }.thenBy { it.j })\n        Assert.assertEquals(\"[(1, 1), (1, 2), (2, 1), (2, 2)]\", cells.toString())\n    }\n\n    @Test\n    fun test01Cell() {\n        val board = createSquareBoard(2)\n        val cell = board.getCellOrNull(1, 2)\n        Assert.assertEquals(1, cell?.i)\n        Assert.assertEquals(2, cell?.j)\n    }\n\n    @Test\n    fun test02NoCell() {\n        val board = createSquareBoard(2)\n        val cell = board.getCellOrNull(3, 3)\n        Assert.assertEquals(null, cell)\n    }\n\n    @Test\n    fun test03Row() {\n        val board = createSquareBoard(2)\n        val row = board.getRow(1, 1..2)\n        Assert.assertEquals(\"[(1, 1), (1, 2)]\", row.toString())\n    }\n\n    @Test\n    fun test04RowReversed() {\n        val board = createSquareBoard(2)\n        val row = board.getRow(1, 2 downTo 1)\n        Assert.assertEquals(\"[(1, 2), (1, 1)]\", row.toString())\n    }\n\n    @Test\n    fun test05RowWrongRange() {\n        val board = createSquareBoard(2)\n        val row = board.getRow(1, 1..10)\n        Assert.assertEquals(\"[(1, 1), (1, 2)]\", row.toString())\n    }\n\n    @Test\n    fun test06Neighbour() {\n        val board = createSquareBoard(2)\n        with(board) {\n            val cell = getCellOrNull(1, 1)\n            Assert.assertNotNull(cell)\n            Assert.assertEquals(null, cell!!.getNeighbour(Direction.UP))\n            Assert.assertEquals(null, cell.getNeighbour(Direction.LEFT))\n            Assert.assertEquals(\"(2, 1)\", cell.getNeighbour(Direction.DOWN).toString())\n            Assert.assertEquals(\"(1, 2)\", cell.getNeighbour(Direction.RIGHT).toString())\n        }\n    }\n\n    @Test\n    fun test07AllCells() {\n        val board = createSquareBoard(3)\n        val cells = board.getAllCells().sortedWith(compareBy<Cell> { it.i }.thenBy { it.j })\n        Assert.assertEquals(\"Wrong result for 'getAllCells()' for the board of width 3.\",\n                \"[(1, 1), (1, 2), (1, 3), (2, 1), (2, 2), (2, 3), (3, 1), (3, 2), (3, 3)]\",\n                cells.toString())\n    }\n\n    @Test\n    fun test08Cell() {\n        val board = createSquareBoard(4)\n        val cell = board.getCellOrNull(2, 3)\n        Assert.assertEquals(\"The board of width 4 should contain the cell (2, 3).\",\n                \"(2, 3)\", cell.toString())\n    }\n\n    @Test\n    fun test09NoCell() {\n        val board = createSquareBoard(4)\n        val cell = board.getCellOrNull(10, 10)\n        Assert.assertEquals(\"The board of width 4 should contain the cell (10, 10).\", null, cell)\n    }\n\n    @Test\n    fun test10Row() {\n        val row = createSquareBoard(4).getRow(1, 1..2)\n        Assert.assertEquals(\"Wrong row for 'createSquareBoard(4).getRow(1, 1..2)'.\",\n                \"[(1, 1), (1, 2)]\", row.toString())\n    }\n\n    @Test\n    fun test11Column() {\n        val row = createSquareBoard(4).getColumn(1..2, 3)\n        Assert.assertEquals(\"Wrong column for 'createSquareBoard(4).getColumn(1..2, 3)'.\",\n                \"[(1, 3), (2, 3)]\", row.toString())\n    }\n\n    @Test\n    fun test12RowReversedRange() {\n        val row = createSquareBoard(4).getRow(1, 4 downTo 1)\n        Assert.assertEquals(\"Wrong column for 'createSquareBoard(4).getRow(1, 4 downTo 1)'.\",\n                \"[(1, 4), (1, 3), (1, 2), (1, 1)]\", row.toString())\n    }\n\n    @Test\n    fun test13ColumnReversedRange() {\n        val row = createSquareBoard(4).getColumn(2 downTo 1, 3)\n        Assert.assertEquals(\"Wrong column for 'createSquareBoard(4).getColumn(2 downTo 1, 3)'.\",\n                \"[(2, 3), (1, 3)]\", row.toString())\n    }\n\n    @Test\n    fun test14ColumnWrongRange() {\n        val row = createSquareBoard(4).getColumn(3..6, 2)\n        Assert.assertEquals(\"Wrong column for 'createSquareBoard(4).getColumn(3..6, 2)'.\",\n                \"[(3, 2), (4, 2)]\", row.toString())\n    }\n\n    private fun neighbourMessage(cell: Cell, direction: Direction) =\n            \"Wrong neighbour for the cell $cell in a direction $direction.\"\n\n    @Test\n    fun test15Neighbour() {\n        with(createSquareBoard(4)) {\n            val cell = getCellOrNull(2, 3)\n            Assert.assertNotNull(\"The board of width 4 should contain the cell (2, 3).\", cell)\n            Assert.assertEquals(neighbourMessage(cell!!, UP), \"(1, 3)\", cell.getNeighbour(UP).toString())\n            Assert.assertEquals(neighbourMessage(cell, DOWN), \"(3, 3)\", cell.getNeighbour(DOWN).toString())\n            Assert.assertEquals(neighbourMessage(cell, LEFT), \"(2, 2)\", cell.getNeighbour(LEFT).toString())\n            Assert.assertEquals(neighbourMessage(cell, RIGHT), \"(2, 4)\", cell.getNeighbour(RIGHT).toString())\n        }\n    }\n\n    @Test\n    fun test16NullableNeighbour() {\n        with(createSquareBoard(4)) {\n            val cell = getCellOrNull(4, 4)\n            Assert.assertNotNull(\"The board of width 4 should contain the cell (4, 4).\", cell)\n            Assert.assertEquals(neighbourMessage(cell!!, UP), \"(3, 4)\", cell.getNeighbour(UP).toString())\n            Assert.assertEquals(neighbourMessage(cell, LEFT), \"(4, 3)\", cell.getNeighbour(LEFT).toString())\n            Assert.assertEquals(neighbourMessage(cell, DOWN), null, cell.getNeighbour(DOWN))\n            Assert.assertEquals(neighbourMessage(cell, RIGHT), null, cell.getNeighbour(RIGHT))\n        }\n    }\n\n    @Test\n    fun test17TheSameCell() {\n        val board = createSquareBoard(4)\n        val first = board.getCell(1, 2)\n        val second = board.getCellOrNull(1, 2)\n        Assert.assertTrue(\"'getCell' and 'getCellOrNull' should return the same 'Cell' instances.\\n\" +\n                \"Create only 'width * width' cells; all the functions working with cells \" +\n                \"should return existing cells instead of creating new ones.\",\n                first === second)\n    }\n\n    @Test\n    fun test18TheSameCell() {\n        val board = createSquareBoard(1)\n        val first = board.getAllCells().first()\n        val second = board.getCell(1, 1)\n        Assert.assertTrue(\"'getAllCells' and 'getCell' should return the same 'Cell' instances.\\n\" +\n                \"Create only 'width * width' cells; all the functions working with cells \" +\n                \"should return existing cells instead of creating new ones.\",\n                first === second)\n    }\n\n    @Test\n    fun test19TheSameCell() {\n        val board = createSquareBoard(4)\n        val cell = board.getCell(1, 1)\n        val first = board.run { cell.getNeighbour(RIGHT) }\n        val second = board.getCell(1, 2)\n        Assert.assertTrue(\"'getNeighbour' shouldn't recreate the 'Cell' instance.\\n\" +\n                \"Create only 'width * width' cells; all the functions working with cells \" +\n                \"should return existing cells instead of creating new ones.\",\n                first === second)\n    }\n\n    @Test\n    fun test20TheSameCell() {\n        val board = createSquareBoard(2)\n        val row = board.getRow(1, 1..1)\n        val first = row[0]\n        val second = board.getCell(1, 1)\n        Assert.assertTrue(\"'getRow' shouldn't recreate the 'Cell' instances.\\n\" +\n                \"Create only 'width * width' cells; all the functions working with cells \" +\n                \"should return existing cells instead of creating new ones.\",\n                first === second)\n    }\n\n    @Test\n    fun test21TheSameCell() {\n        val board = createSquareBoard(2)\n        val column = board.getColumn(1..1, 2)\n        val first = column[0]\n        val second = board.getCell(1, 2)\n        Assert.assertTrue(\"'getColumn' shouldn't recreate the 'Cell' instances.\\n\" +\n                \"Create only 'width * width' cells; all the functions working with cells \" +\n                \"should return existing cells instead of creating new ones.\",\n                first === second)\n    }\n}\n",
          "placeholders" : [ ]
        }
      },
      "test_files" : {
        "test/board/TestGameBoard.kt" : "package board\n\nimport org.junit.Assert\nimport org.junit.FixMethodOrder\nimport org.junit.Test\nimport org.junit.runners.MethodSorters\n\n@FixMethodOrder(MethodSorters.NAME_ASCENDING)\nclass TestGameBoard {\n    operator fun <T> GameBoard<T>.get(i: Int, j: Int) = get(getCell(i, j))\n    operator fun <T> GameBoard<T>.set(i: Int, j: Int, value: T) = set(getCell(i, j), value)\n\n    @Test\n    fun test01GetAndSetElement() {\n        val gameBoard = createGameBoard<Char>(2)\n        gameBoard[1, 1] = 'a'\n        Assert.assertEquals('a', gameBoard[1, 1])\n    }\n\n    @Test\n    fun test02Filter() {\n        val gameBoard = createGameBoard<Char>(2)\n        gameBoard[1, 1] = 'a'\n        gameBoard[1, 2] = 'b'\n        val cells = gameBoard.filter { it == 'a' }\n        Assert.assertEquals(1, cells.size)\n        val cell = cells.first()\n        Assert.assertEquals(1, cell.i)\n        Assert.assertEquals(1, cell.j)\n    }\n\n    @Test\n    fun test03All() {\n        val gameBoard = createGameBoard<Char>(2)\n        gameBoard[1, 1] = 'a'\n        gameBoard[1, 2] = 'a'\n        Assert.assertFalse(gameBoard.all { it == 'a' })\n        gameBoard[2, 1] = 'a'\n        gameBoard[2, 2] = 'a'\n        Assert.assertTrue(gameBoard.all { it == 'a' })\n    }\n\n    @Test\n    fun test04Any() {\n        val gameBoard = createGameBoard<Char>(2)\n        gameBoard[1, 1] = 'a'\n        gameBoard[1, 2] = 'b'\n        Assert.assertTrue(gameBoard.any { it in 'a'..'b' })\n        Assert.assertTrue(gameBoard.any { it == null })\n    }\n\n    @Test\n    fun test05TheSameCell() {\n        val gameBoard = createGameBoard<Char>(2)\n        gameBoard[1, 1] = 'a'\n        val cell1 = gameBoard.find { it == 'a' }\n        gameBoard[1, 1] = 'b'\n        val cell2 = gameBoard.find { it == 'b' }\n        Assert.assertEquals(cell1, cell2)\n    }\n\n    @Test\n    fun test06FindReturnsTheSameCell() {\n        val gameBoard = createGameBoard<Char>(2)\n        gameBoard[1, 1] = 'a'\n        val first = gameBoard.find { it == 'a' }\n        val second = gameBoard.getCell(1, 1)\n        Assert.assertTrue(\"'find' shouldn't recreate the 'Cell' instances.\\n\" +\n                \"Create only 'width * width' cells; all the functions working with cells\\n\" +\n                \"should return existing cells instead of creating new ones.\",\n                first === second)\n    }\n\n    @Test\n    fun test07FilterTheSameCell() {\n        val gameBoard = createGameBoard<Char>(2)\n        gameBoard[1, 1] = 'a'\n        val cells = gameBoard.filter { it == 'a' }\n        val first = cells.first()\n        val second = gameBoard.getCell(1, 1)\n        Assert.assertTrue(\"'filter' shouldn't recreate the 'Cell' instances.\\n\" +\n                \"Create only 'width * width' cells; all the functions working with cells\\n\" +\n                \"should return existing cells instead of creating new ones.\",\n                first === second)\n    }\n\n    @Test\n    fun test08AllAny() {\n        val gameBoard = createGameBoard<Int>(2)\n        gameBoard[1, 1] = 1\n        gameBoard[1, 2] = 0\n        gameBoard[2, 1] = 2\n        gameBoard[2, 2] = 3\n        testAllAny(gameBoard)\n    }\n\n    @Test\n    fun test09AllAny() {\n        val gameBoard = createGameBoard<Int>(2)\n        gameBoard[1, 1] = 0\n        gameBoard[1, 2] = 0\n        gameBoard[2, 1] = 0\n        gameBoard[2, 2] = 0\n        testAllAny(gameBoard)\n    }\n\n    @Test\n    fun test10AllAny() {\n        val gameBoard = createGameBoard<Int>(2)\n        gameBoard[1, 1] = 1\n        gameBoard[1, 2] = 2\n        gameBoard[2, 1] = 3\n        gameBoard[2, 2] = 4\n        testAllAny(gameBoard)\n    }\n\n    @Test\n    fun test11AllAny() {\n        val gameBoard = createGameBoard<Int>(2)\n        gameBoard[1, 1] = 0\n        gameBoard[1, 2] = 1\n        gameBoard[2, 2] = 1\n        testAllAny(gameBoard)\n    }\n\n    private fun <T> GameBoard<T>.asString() =\n            (1..width).joinToString(\"\\n\") { i ->\n                (1..width).joinToString(\" \") { j ->\n                    \"${get(i, j) ?: \"-\"}\"\n                }\n            }\n\n    private fun testAllAny(gameBoard: GameBoard<Int>) {\n        val allNonZero = gameBoard.all { it != 0 }\n        val anyZero = gameBoard.any { it == 0 }\n        Assert.assertTrue(buildString {\n            appendln(\"'board.all { it != 0 }' should give the same result as '!board.any { it == 0 }' for the board\")\n            appendln(gameBoard.asString())\n        }, allNonZero == !anyZero)\n    }\n}",
        "test/board/TestSquareBoard.kt" : "package board\n\nimport board.Direction.*\nimport org.junit.Assert\nimport org.junit.FixMethodOrder\nimport org.junit.Test\nimport org.junit.runners.MethodSorters\n\n@FixMethodOrder(MethodSorters.NAME_ASCENDING)\nclass TestSquareBoard {\n    @Test\n    fun test00AllCells() {\n        val board = createSquareBoard(2)\n        val cells = board.getAllCells().sortedWith(compareBy<Cell> { it.i }.thenBy { it.j })\n        Assert.assertEquals(\"[(1, 1), (1, 2), (2, 1), (2, 2)]\", cells.toString())\n    }\n\n    @Test\n    fun test01Cell() {\n        val board = createSquareBoard(2)\n        val cell = board.getCellOrNull(1, 2)\n        Assert.assertEquals(1, cell?.i)\n        Assert.assertEquals(2, cell?.j)\n    }\n\n    @Test\n    fun test02NoCell() {\n        val board = createSquareBoard(2)\n        val cell = board.getCellOrNull(3, 3)\n        Assert.assertEquals(null, cell)\n    }\n\n    @Test\n    fun test03Row() {\n        val board = createSquareBoard(2)\n        val row = board.getRow(1, 1..2)\n        Assert.assertEquals(\"[(1, 1), (1, 2)]\", row.toString())\n    }\n\n    @Test\n    fun test04RowReversed() {\n        val board = createSquareBoard(2)\n        val row = board.getRow(1, 2 downTo 1)\n        Assert.assertEquals(\"[(1, 2), (1, 1)]\", row.toString())\n    }\n\n    @Test\n    fun test05RowWrongRange() {\n        val board = createSquareBoard(2)\n        val row = board.getRow(1, 1..10)\n        Assert.assertEquals(\"[(1, 1), (1, 2)]\", row.toString())\n    }\n\n    @Test\n    fun test06Neighbour() {\n        val board = createSquareBoard(2)\n        with(board) {\n            val cell = getCellOrNull(1, 1)\n            Assert.assertNotNull(cell)\n            Assert.assertEquals(null, cell!!.getNeighbour(Direction.UP))\n            Assert.assertEquals(null, cell.getNeighbour(Direction.LEFT))\n            Assert.assertEquals(\"(2, 1)\", cell.getNeighbour(Direction.DOWN).toString())\n            Assert.assertEquals(\"(1, 2)\", cell.getNeighbour(Direction.RIGHT).toString())\n        }\n    }\n\n    @Test\n    fun test07AllCells() {\n        val board = createSquareBoard(3)\n        val cells = board.getAllCells().sortedWith(compareBy<Cell> { it.i }.thenBy { it.j })\n        Assert.assertEquals(\"Wrong result for 'getAllCells()' for the board of width 3.\",\n                \"[(1, 1), (1, 2), (1, 3), (2, 1), (2, 2), (2, 3), (3, 1), (3, 2), (3, 3)]\",\n                cells.toString())\n    }\n\n    @Test\n    fun test08Cell() {\n        val board = createSquareBoard(4)\n        val cell = board.getCellOrNull(2, 3)\n        Assert.assertEquals(\"The board of width 4 should contain the cell (2, 3).\",\n                \"(2, 3)\", cell.toString())\n    }\n\n    @Test\n    fun test09NoCell() {\n        val board = createSquareBoard(4)\n        val cell = board.getCellOrNull(10, 10)\n        Assert.assertEquals(\"The board of width 4 should contain the cell (10, 10).\", null, cell)\n    }\n\n    @Test\n    fun test10Row() {\n        val row = createSquareBoard(4).getRow(1, 1..2)\n        Assert.assertEquals(\"Wrong row for 'createSquareBoard(4).getRow(1, 1..2)'.\",\n                \"[(1, 1), (1, 2)]\", row.toString())\n    }\n\n    @Test\n    fun test11Column() {\n        val row = createSquareBoard(4).getColumn(1..2, 3)\n        Assert.assertEquals(\"Wrong column for 'createSquareBoard(4).getColumn(1..2, 3)'.\",\n                \"[(1, 3), (2, 3)]\", row.toString())\n    }\n\n    @Test\n    fun test12RowReversedRange() {\n        val row = createSquareBoard(4).getRow(1, 4 downTo 1)\n        Assert.assertEquals(\"Wrong column for 'createSquareBoard(4).getRow(1, 4 downTo 1)'.\",\n                \"[(1, 4), (1, 3), (1, 2), (1, 1)]\", row.toString())\n    }\n\n    @Test\n    fun test13ColumnReversedRange() {\n        val row = createSquareBoard(4).getColumn(2 downTo 1, 3)\n        Assert.assertEquals(\"Wrong column for 'createSquareBoard(4).getColumn(2 downTo 1, 3)'.\",\n                \"[(2, 3), (1, 3)]\", row.toString())\n    }\n\n    @Test\n    fun test14ColumnWrongRange() {\n        val row = createSquareBoard(4).getColumn(3..6, 2)\n        Assert.assertEquals(\"Wrong column for 'createSquareBoard(4).getColumn(3..6, 2)'.\",\n                \"[(3, 2), (4, 2)]\", row.toString())\n    }\n\n    private fun neighbourMessage(cell: Cell, direction: Direction) =\n            \"Wrong neighbour for the cell $cell in a direction $direction.\"\n\n    @Test\n    fun test15Neighbour() {\n        with(createSquareBoard(4)) {\n            val cell = getCellOrNull(2, 3)\n            Assert.assertNotNull(\"The board of width 4 should contain the cell (2, 3).\", cell)\n            Assert.assertEquals(neighbourMessage(cell!!, UP), \"(1, 3)\", cell.getNeighbour(UP).toString())\n            Assert.assertEquals(neighbourMessage(cell, DOWN), \"(3, 3)\", cell.getNeighbour(DOWN).toString())\n            Assert.assertEquals(neighbourMessage(cell, LEFT), \"(2, 2)\", cell.getNeighbour(LEFT).toString())\n            Assert.assertEquals(neighbourMessage(cell, RIGHT), \"(2, 4)\", cell.getNeighbour(RIGHT).toString())\n        }\n    }\n\n    @Test\n    fun test16NullableNeighbour() {\n        with(createSquareBoard(4)) {\n            val cell = getCellOrNull(4, 4)\n            Assert.assertNotNull(\"The board of width 4 should contain the cell (4, 4).\", cell)\n            Assert.assertEquals(neighbourMessage(cell!!, UP), \"(3, 4)\", cell.getNeighbour(UP).toString())\n            Assert.assertEquals(neighbourMessage(cell, LEFT), \"(4, 3)\", cell.getNeighbour(LEFT).toString())\n            Assert.assertEquals(neighbourMessage(cell, DOWN), null, cell.getNeighbour(DOWN))\n            Assert.assertEquals(neighbourMessage(cell, RIGHT), null, cell.getNeighbour(RIGHT))\n        }\n    }\n\n    @Test\n    fun test17TheSameCell() {\n        val board = createSquareBoard(4)\n        val first = board.getCell(1, 2)\n        val second = board.getCellOrNull(1, 2)\n        Assert.assertTrue(\"'getCell' and 'getCellOrNull' should return the same 'Cell' instances.\\n\" +\n                \"Create only 'width * width' cells; all the functions working with cells \" +\n                \"should return existing cells instead of creating new ones.\",\n                first === second)\n    }\n\n    @Test\n    fun test18TheSameCell() {\n        val board = createSquareBoard(1)\n        val first = board.getAllCells().first()\n        val second = board.getCell(1, 1)\n        Assert.assertTrue(\"'getAllCells' and 'getCell' should return the same 'Cell' instances.\\n\" +\n                \"Create only 'width * width' cells; all the functions working with cells \" +\n                \"should return existing cells instead of creating new ones.\",\n                first === second)\n    }\n\n    @Test\n    fun test19TheSameCell() {\n        val board = createSquareBoard(4)\n        val cell = board.getCell(1, 1)\n        val first = board.run { cell.getNeighbour(RIGHT) }\n        val second = board.getCell(1, 2)\n        Assert.assertTrue(\"'getNeighbour' shouldn't recreate the 'Cell' instance.\\n\" +\n                \"Create only 'width * width' cells; all the functions working with cells \" +\n                \"should return existing cells instead of creating new ones.\",\n                first === second)\n    }\n\n    @Test\n    fun test20TheSameCell() {\n        val board = createSquareBoard(2)\n        val row = board.getRow(1, 1..1)\n        val first = row[0]\n        val second = board.getCell(1, 1)\n        Assert.assertTrue(\"'getRow' shouldn't recreate the 'Cell' instances.\\n\" +\n                \"Create only 'width * width' cells; all the functions working with cells \" +\n                \"should return existing cells instead of creating new ones.\",\n                first === second)\n    }\n\n    @Test\n    fun test21TheSameCell() {\n        val board = createSquareBoard(2)\n        val column = board.getColumn(1..1, 2)\n        val first = column[0]\n        val second = board.getCell(1, 2)\n        Assert.assertTrue(\"'getColumn' shouldn't recreate the 'Cell' instances.\\n\" +\n                \"Create only 'width * width' cells; all the functions working with cells \" +\n                \"should return existing cells instead of creating new ones.\",\n                first === second)\n    }\n}\n"
      },
      "description_text" : "## Board\n\nYour task is to implement interfaces `SquareBoard` and `GameBoard`.\n\n#### SquareBoard\n\nSquareBoard stores the information about the square board and all the cells on it.\nIt allows the retrieval of a cell by its indexes, parts of columns and rows on a board,\nor a specified neighbor of a cell.\n\nNote that the numbering of cells starts with 1 (not 0).\n\nA board of width two consists of the following cells:\n```\n(1, 1) (1, 2)\n(2, 1) (2, 2)\n```\n\nFor the following examples, we'll use this board of width 2:\n```\nval board = createSquareBoard(2)\n```\n\nIf you call `board.getCellOrNull(3, 3)` for such a board, you'll get `null` as\nthe result, because the board doesn't have a cell with such coordinates.\nThe function `Board.getCell` should throw `IllegalArgumentException` for\nincorrect values of `i` and `j`.\n\nYou can write `board.getRow(1, 1..2)` or `board.getRow(1, 2 downTo 1)`,\nand you'll get the lists of cells `[(1, 1), (1, 2)]` and `[(1, 2), (1, 1)]`\naccordingly.\n\nNote how using the range `2 downTo 1` returns a row in a reversed order.\nYou can use any range to get a part of a column or a row.\n\nNote that `getRow` and `getColumn` should return a list containing only\nthe cells that belong to the board if the range is larger than the board limits\nand ignore other indexes,\nthus, `board.getRow(1, 1..10)` should return `[(1, 1), (1, 2)]`.  \n\nThe neighbors of a cell `(1, 1)`, depending on the direction should be:\n```\nDirection.UP - null     \nDirection.LEFT - null     \nDirection.DOWN - (2, 1) \nDirection.RIGHT - (1, 2)\n```\n\nCreate only `width * width` cells; all the functions working with cells\nshould return existing cells instead of creating new ones. \n\n#### GameBoard\n\nGameBoard allows you to store values in board cells, update them,\nand enquire about stored values (like `any`,\n`all` etc.)\nNote that GameBoard extends SquareBoard.\n\nDon't store a value in a `Cell`: data class `Cell` is intended to be immutable\nand only store the coordinates.\nYou can store values separately, for instance, in a map from `Cell` to stored values type. \n\nSee `TestSquareBoard` and `TestGameBoard` for examples.\n",
      "description_format" : "md",
      "additional_files" : {
        "partId" : {
          "text" : "rv5mL",
          "is_visible" : false
        },
        "assignmentKey" : {
          "text" : "q3GRK8FuEeit4A6YDvCSVA",
          "is_visible" : false
        }
      },
      "task_type" : "edu",
      "feedback_link" : {
        "link_type" : "CUSTOM",
        "link" : "https://www.coursera.org/learn/kotlin-for-java-developers/programming/7fkLn/board/discussions"
      }
    } ],
    "type" : "lesson"
  }, {
    "id" : 0,
    "title" : "Edu additional materials",
    "unit_id" : 0,
    "task_list" : [ {
      "name" : "Edu additional materials",
      "stepic_id" : 0,
      "task_files" : { },
      "test_files" : { },
      "additional_files" : {
        "build.gradle" : {
          "text" : "buildscript {\n    ext.kotlin_version = '1.3.11'\n\n    repositories {\n        mavenCentral()\n    }\n\n    dependencies {\n        classpath \"org.jetbrains.kotlin:kotlin-gradle-plugin:$kotlin_version\"\n    }\n}\n\ndef printOutput(def output) {\n    return tasks.create(\"printOutput\") {\n        for (line in output.toString().readLines()) {\n            println \"#educational_plugin\" + line\n        }\n    }\n}\n\nsubprojects {\n    apply plugin: 'application'\n    apply plugin: 'java'\n    apply plugin: 'kotlin'\n\n    sourceCompatibility = 1.8\n\n    repositories {\n        mavenCentral()\n    }\n\n    dependencies {\n        compile \"org.jetbrains.kotlin:kotlin-stdlib-jdk8:$kotlin_version\"\n        testCompile group: 'junit', name: 'junit', version: '4.12'\n    }\n\n    compileKotlin.destinationDir = compileJava.destinationDir\n\n    compileKotlin {\n        kotlinOptions.jvmTarget = \"1.8\"\n    }\n    compileTestKotlin {\n        kotlinOptions.jvmTarget = \"1.8\"\n    }\n\n    sourceSets {\n        main {\n            kotlin.srcDir 'src'\n            java.srcDir 'src'\n        }\n        test {\n            kotlin.srcDir 'test'\n            java.srcDir 'test'\n        }\n    }\n\n    mainClassName = project.hasProperty(\"mainClass\") ? project.getProperty(\"mainClass\") : \"\"\n\n    test {\n        outputs.upToDateWhen { false }\n        afterTest { TestDescriptor test, TestResult result ->\n            if (result.resultType == TestResult.ResultType.FAILURE) {\n                def message = result.exception?.message ?: \"Wrong answer\"\n                def lines = message.readLines()\n                println \"#educational_plugin FAILED + \" + lines[0]\n                lines[1..-1].forEach { line ->\n                    println \"#educational_plugin\" + line\n                }\n                // we need this to separate output of different tests\n                println\n            }\n        }\n    }\n\n    def runOutput = new ByteArrayOutputStream()\n    tasks.run.setStandardOutput(runOutput)\n    tasks.run.doLast { printOutput(runOutput) }\n}\n\nproject(':util') {\n    dependencies {\n        compile group: 'junit', name: 'junit', version: '4.12'\n    }\n}\n\nconfigure(subprojects.findAll {it.name != 'util'}) {\n    dependencies {\n        compile project(':util').sourceSets.main.output\n        testCompile project(':util').sourceSets.test.output\n    }\n}\n\ntask wrapper(type: Wrapper) {\n    gradleVersion = '4.8'\n}\n",
          "is_visible" : false
        }
      },
      "task_type" : "edu",
      "feedback_link" : {
        "link_type" : "STEPIK"
      }
    } ],
    "type" : "lesson"
  } ],
  "version" : 7
}